2.8123664122137404,25.06320610687023,3.101145038167939,-1.1123529052734376,0.32990966796875,-0.2548809814453125
15.33908396946565,-14.814656488549618,-20.166030534351144,-0.7690911865234376,-0.14469970703125,-0.0629864501953125
1.4230534351145039,0.2387786259541985,5.322519083969466,-0.7349114990234376,0.09040771484375,-0.22582824707031252
-16.508244274809158,6.864732824427481,29.643129770992367,-0.5571771240234376,-0.11540283203125,-0.2651348876953125
1.8429007633587788,7.5975572519083965,-4.272900763358779,-0.8503900146484376,-0.09416259765625,-0.3139630126953125
5.346717557251909,1.1319083969465649,-19.799618320610687,-1.3735833740234376,-0.19694580078125,-0.0173321533203125
0.10244274809160317,0.28458015267175574,11.467557251908397,-1.4004388427734376,0.03523193359375,-0.4401837158203125
-4.943358778625954,-33.96732824427481,0.6889312977099237,-0.6702142333984376,0.09773193359375,-0.0546856689453125
11.224580152671756,6.086106870229007,0.833969465648855,-0.5996575927734376,0.05964599609375,-0.22216613769531252
22.903969465648856,13.37618320610687,-8.990458015267176,-0.7886224365234376,0.15241943359375,-0.3300762939453125
-42.92809160305343,-28.211603053435113,32.81106870229008,-1.7671380615234376,-0.31462158203125,-0.0859356689453125
19.262748091603054,24.971603053435118,15.635496183206106,-1.2046380615234376,0.08308349609375,-0.20800598144531252
8.919236641221374,-14.768854961832062,-28.150763358778626,-0.8472161865234376,-0.07829345703125,-0.20214660644531252
11.468854961832061,-1.2116030534351145,1.2538167938931297,-0.6355462646484376,0.17170654296875,-0.24413879394531252
-13.378473282442748,6.933435114503816,13.40648854961832,-0.4719720458984375,0.11775146484375,-0.3215313720703125
-9.783053435114503,1.4372519083969466,-3.6622137404580153,-0.8420892333984376,-0.03678955078125,-0.21801574707031252
-7.691450381679389,42.50595419847328,5.811068702290076,-1.8142572021484376,0.02253662109375,-0.4155255126953125
2.0108396946564886,-3.0512977099236642,1.6354961832061068,-1.1772943115234376,0.24275146484375,-0.3969708251953125
2.636793893129771,-29.990229007633587,-20.89885496183206,-0.5132318115234376,0.00764404296875,-0.0368634033203125
17.797099236641223,8.147175572519084,-8.356870229007633,-0.6484857177734376,0.01521240234375,-0.2595196533203125
-13.042595419847327,-8.700152671755726,-5.448473282442748,-0.6890130615234376,0.19465576171875,-0.2819805908203125
21.392519083969468,7.658625954198473,26.4293893129771,-1.5105462646484376,0.21345458984375,-0.24096496582031252
-19.508244274809158,19.42961832061069,-5.784351145038168,-1.3467279052734376,0.02278076171875,-0.4389630126953125
20.445954198473284,-29.119999999999997,-36.57824427480916,-0.7585931396484376,-0.12834228515625,-0.1130352783203125
7.919236641221374,13.086106870229008,17.375954198473284,-0.5549798583984376,-0.01701416015625,-0.16967590332031252
-30.073129770992367,3.7960305343511447,-9.188931297709924,-0.5283685302734376,0.10676513671875,-0.4626446533203125
-22.64564885496183,-11.120000000000001,-30.234732824427482,-1.3777337646484376,-0.01921142578125,0.13647644042968748
19.965038167938932,12.841832061068702,-4.166030534351145,-1.7349114990234376,0.05354248046875,-0.5122052001953125
-5.302137404580152,-17.142900763358778,-1.5858778625954197,-0.7219720458984376,0.07331787109375,-0.14965637207031252
-14.996793893129771,-1.3490076335877863,-4.25,-0.4832025146484375,-0.05021728515625,-0.12524230957031252
17.13297709923664,-10.165801526717557,-7.509541984732825,-0.7522454833984376,-0.03288330078125,-0.2568341064453125
30.46885496183206,-19.692519083969465,34.22328244274809,-1.5444818115234376,-0.37052978515625,-0.4589825439453125
-16.706717557251906,-1.0360305343511451,15.398854961832061,-1.5820794677734376,-0.15373291015625,-0.3295880126953125
9.01083969465649,-15.684885496183204,-18.853053435114504,-0.8489251708984376,-0.14128173828125,-0.21093566894531252
29.529923664122137,1.7044274809160305,11.872137404580153,-0.5366693115234376,-0.11662353515625,-0.17797668457031252
34.82763358778626,10.536488549618321,8.032442748091603,-0.6423822021484376,0.10896240234375,-0.4760723876953125
-9.256335877862595,4.719694656488549,-24.120229007633586,-1.5342279052734376,-0.14738525390625,0.0544451904296875
13.522290076335878,-17.585648854961832,18.39885496183206,-1.4614739990234376,0.01325927734375,-0.4406719970703125
14.621526717557252,-35.0818320610687,1.6125954198473282,-0.6094232177734376,0.08845458984375,-0.1120587158203125
-12.912824427480915,19.223511450381682,-15.280534351145038,-0.5811029052734376,0.12727294921875,-0.3552227783203125
38.98793893129771,-4.310839694656488,1.5896946564885497,-0.7712884521484376,0.04914794921875,-0.2639141845703125
2.758931297709924,-44.47114503816794,53.98664122137404,-1.4861322021484376,-0.34904541015625,0.3647479248046875
8.003206106870229,60.39908396946565,-5.211832061068702,-1.4219232177734376,0.19367919921875,-0.5981427001953125
27.247480916030536,-16.93679389312977,-17.56297709923664,-0.7126947021484376,-0.18571533203125,-0.19506652832031252
13.262748091603054,13.032671755725191,18.22328244274809,-0.6025872802734376,0.05622802734375,-0.23168762207031252
6.392519083969466,13.757862595419848,-11.280534351145038,-0.6716790771484376,0.11384521484375,-0.5852032470703125
4.1329770992366415,-15.501679389312978,-20.471374045801525,-1.2852044677734376,-0.04899658203125,-0.0239239501953125
34.07190839694657,13.71969465648855,18.887404580152673,-1.7615228271484376,0.08332763671875,-0.6577130126953125
27.339083969465648,-24.41007633587786,8.40648854961832,-0.8391595458984376,0.14118896484375,-0.3203106689453125
21.728396946564885,-16.242137404580152,-21.509541984732824,-0.4019036865234375,0.01716552734375,-0.22143371582031252
17.32381679389313,26.88763358778626,-20.998091603053435,-0.7803216552734376,0.05329833984375,-0.3342266845703125
66.91160305343512,53.887633587786254,37.56679389312977,-1.0540032958984376,0.26252685546875,-0.9096661376953125
72.23984732824428,-38.70778625954199,66.62786259541984,-1.4607415771484376,-0.14299072265625,0.1191424560546875
134.99557251908396,-14.661984732824427,4.261450381679389,-0.9521966552734376,-0.22575439453125,-0.2546368408203125
129.37725190839694,-3.524580152671756,2.9561068702290076,-0.7983880615234376,0.18928466796875,-0.2802716064453125
73.86580152671756,-2.8833587786259542,21.92557251908397,-0.9185052490234376,-0.00846923828125,-0.4863262939453125
64.36961832061068,-4.2955725190839695,32.64312977099237,-1.3877435302734376,0.24104248046875,-0.12621887207031252
133.7054961832061,11.483053435114504,11.58969465648855,-1.3472161865234376,-0.05021728515625,-0.23388488769531252
65.96503816793893,-21.684885496183206,25.21564885496183,-0.7986322021484376,0.07209716796875,-0.16064270019531252
64.71312977099237,-13.242137404580152,19.162213740458014,-0.9766107177734376,0.15168701171875,-0.3198223876953125
73.68259541984733,2.2464122137404576,20.856870229007633,-0.7781243896484376,0.17317138671875,-0.3693829345703125
59.67496183206107,-3.2116030534351148,9.75,-1.3833489990234376,0.09822021484375,0.0651873779296875
24.67496183206107,-25.509312977099235,21.75,-1.1353021240234376,0.07551513671875,0.0949725341796875
66.11007633587786,-6.12,-24.708015267175572,-0.9658685302734376,-0.10441650390625,-0.1154766845703125
71.68259541984733,6.246412213740458,-5.020992366412214,-0.8567376708984376,0.02131591796875,-0.2575665283203125
66.69786259541985,19.505954198473283,21.62786259541985,-0.8044915771484376,0.03279052734375,-0.3215313720703125
60.07954198473283,1.0326717557251908,-16.75381679389313,-1.1055169677734376,-0.04704345703125,0.1025408935546875
46.40015267175573,-13.326106870229008,12.73473282442748,-1.0764642333984376,0.05500732421875,-0.0898419189453125
46.68259541984733,-13.364274809160305,10.291984732824428,-0.6907220458984376,0.19563232421875,-0.1210919189453125
38.07954198473283,10.589923664122137,-18.76145038167939,-0.3984857177734375,0.03987060546875,-0.1186505126953125
11.278015267175572,-7.005496183206107,8.788167938931299,-0.7532220458984376,0.43611083984375,-0.21093566894531252
24.300916030534353,-45.41770992366413,44.597328244274806,-1.9761224365234376,-0.29460205078125,0.2578143310546875
16.54519083969466,-14.097099236641222,-3.6698473282442747,-1.4377923583984376,-0.0030981445312500003,-0.3693829345703125
-8.080763358778626,-23.188702290076336,-12.761450381679388,-0.7786126708984376,-0.07609619140625,-0.18383605957031252
0.8429007633587787,0.12427480916030535,16.299618320610687,-0.5168939208984376,-0.17814697265625,-0.19116027832031252
-5.531145038167939,14.70442748091603,4.101145038167939,-0.8359857177734376,0.09187255859375,-0.24828918457031252
-2.1036641221374044,24.292213740458017,-40.05916030534351,-1.3574700927734376,-0.26847900390625,-0.0390606689453125
21.598625954198475,-28.028396946564882,25.27671755725191,-1.1660638427734376,0.19416748046875,-0.3286114501953125
-17.68381679389313,-18.59328244274809,-11.562977099236642,-0.4827142333984375,0.11701904296875,-0.0480938720703125
1.9116030534351147,11.017404580152672,-4.509541984732825,-0.5388665771484376,-0.03434814453125,-0.12817199707031252
20.743664122137407,0.3609160305343512,6.811068702290076,-0.7944818115234376,0.06111083984375,-0.0634747314453125
28.19404580152672,9.948702290076335,25.353053435114504,-1.7490716552734376,0.06648193359375,-0.4919415283203125
-5.676183206106869,-20.845190839694656,-12.74618320610687,-0.9985833740234376,-0.01432861328125,-0.18139465332031252
1.7207633587786262,-7.486412213740458,-8.150763358778626,-0.5266595458984376,0.0034936523437499997,-0.0744610595703125
-0.111297709923664,-2.555114503816794,17.169847328244273,-0.5786614990234376,-0.05949462890625,-0.18115051269531252
-1.1647328244274808,-17.78412213740458,3.9790076335877864,-0.5786614990234376,-0.24504150390625,-0.0302716064453125
-3.6303816793893127,49.559389312977096,8.009541984732824,-1.8198724365234376,-0.12052978515625,-0.5129376220703125
1.4306870229007635,-18.59328244274809,1.2385496183206106,-1.0591302490234376,0.20783935546875,-0.2578106689453125
-13.729618320610687,-9.26503816793893,-17.76145038167939,-0.4443841552734375,0.00935302734375,-0.0590802001953125
13.529923664122139,13.551755725190839,-15.311068702290076,-0.7048822021484376,-0.06730712890625,-0.21533020019531252
22.461221374045802,2.689160305343511,2.9790076335877864,-0.8601556396484376,0.07771240234375,-0.21386535644531252
30.071908396946565,-2.6009160305343513,23.520992366412212,-2.0085931396484376,-0.19523681640625,-0.4909649658203125
0.010839694656488671,-16.532213740458015,-3.2576335877862594,-1.1638665771484376,0.03425537109375,-0.3347149658203125
14.407786259541986,-16.7612213740458,-15.616412213740459,-0.6545892333984376,-0.11467041015625,-0.0842266845703125
-2.760152671755725,-2.8986259541984736,17.551526717557252,-0.6909661865234376,-0.03068603515625,-0.0830059814453125
-13.118931297709922,-6.043664122137405,-6.715648854961832,-0.7991204833984376,0.00691162109375,-0.3022442626953125
-34.98916030534351,17.452519083969467,-30.94465648854962,-1.1013665771484376,-0.03312744140625,-0.0690899658203125
7.583358778625954,0.6586259541984733,23.139312977099237,-1.4736810302734376,0.09406982421875,-0.5319805908203125
-3.141832061068702,-30.547480916030533,-4.891221374045801,-0.5269036865234376,0.14460693359375,-0.0749493408203125
-5.111297709923663,-6.768854961832061,-7.959923664122138,-0.5337396240234376,-0.04875244140625,-0.0937481689453125
37.33145038167939,-3.707786259541985,6.459923664122138,-0.7808099365234376,0.11701904296875,-0.2766094970703125
40.88870229007634,-35.08946564885496,47.98664122137404,-1.1033197021484376,0.03913818359375,0.2556170654296875
18.957404580152673,25.06320610687023,-15.92175572519084,-1.2969232177734376,0.13996826171875,-0.4887677001953125
9.804732824427482,-30.92916030534351,-24.09732824427481,-0.8860345458984376,-0.07658447265625,-0.2697735595703125
-25.8593893129771,-8.570381679389314,7.864503816793893,-0.6621575927734376,0.06330810546875,-0.16747863769531252
-18.447175572519082,13.521221374045801,-1.41793893129771,-0.6125970458984376,0.03913818359375,-0.3684063720703125
-26.905190839694654,-2.242137404580153,-21.09732824427481,-1.1531243896484376,0.06452880859375,0.1059588623046875
28.82,14.299847328244274,14.284351145038167,-1.5815911865234376,-0.01457275390625,-0.4301739501953125
-12.302137404580153,-22.692519083969465,-1.5782442748091603,-0.7920404052734376,0.12849365234375,-0.17382629394531252
-13.35557251908397,0.04030534351145039,-22.326335877862597,-0.3525872802734375,-0.01432861328125,-0.1198712158203125
17.690229007633587,3.2998473282442746,-6.25,-0.8115716552734376,-0.01969970703125,-0.2936993408203125
-0.6838167938931297,-12.944427480916032,23.75,-1.7639642333984376,-0.38957275390625,-0.14355285644531252
12.369618320610687,27.139541984732826,12.61259541984733,-1.1423822021484376,0.41194091796875,-0.3244610595703125
12.47648854961832,-8.539847328244274,-25.005725190839694,-0.7913079833984376,-0.05510009765625,-0.19482238769531252
21.369618320610687,-18.150534351145037,-0.7461832061068703,-0.5247064208984376,0.02302490234375,-0.0546856689453125
4.316183206106871,1.8800000000000001,4.498091603053435,-0.3862786865234375,0.08528076171875,-0.4079571533203125
-14.080763358778626,-12.226870229007634,-20.708015267175572,-0.9497552490234376,-0.06486572265625,-0.0817852783203125
-4.683816793893129,32.71969465648855,8.963740458015268,-1.8667474365234376,-0.14836181640625,-0.5751934814453125
13.47648854961832,-18.87572519083969,-2.8301526717557253,-1.0237298583984376,0.13728271484375,-0.2683087158203125
0.9803053435114505,-30.654351145038166,-16.486641221374047,-0.3159661865234375,-0.04338134765625,-0.0197735595703125
58.68259541984733,19.21587786259542,-8.227099236641221,-0.6882806396484376,0.00617919921875,-0.24950988769531252
-12.256335877862595,-37.94442748091603,33.72709923664122,-1.7231927490234376,-0.13981689453125,-0.2561016845703125
1.1177099236641224,44.27694656488549,2.4980916030534353,-1.2786126708984376,0.13532958984375,-0.24340637207031252
62.56809160305344,-21.776488549618318,-14.051526717557252,-0.9307122802734376,-0.05900634765625,-0.3122540283203125
63.911603053435115,2.528854961832061,14.131679389312977,-0.4302239990234375,-0.01603759765625,-0.0332012939453125
82.88106870229008,8.994503816793893,16.620229007633586,-0.4351068115234375,0.04353271484375,-0.2983380126953125
91.57572519083969,-1.9138931297709925,17.36832061068702,-0.8857904052734376,0.04426513671875,0.17041198730468748
52.56045801526717,13.643358778625954,21.956106870229007,-2.0085931396484376,0.30329833984375,-0.7775860595703125
31.62916030534351,-33.31847328244275,5.627862595419847,-0.7239251708984376,0.00715576171875,-0.0646954345703125
30.12534351145038,-14.913893129770992,4.620229007633588,-0.5845208740234376,0.03181396484375,-0.2690411376953125
40.61389312977099,2.910534351145038,-9.09732824427481,-1.0515618896484376,-0.19181884765625,-0.3991680908203125
83.19404580152671,7.628091603053435,34.406488549618324,-0.8345208740234376,0.53132568359375,0.16552917480468748
102.13297709923664,2.238778625954198,-7.127862595419847,-0.9167962646484376,-0.11003173828125,0.0249041748046875
151.29328244274808,-0.768854961832061,8.223282442748092,-0.8420892333984376,-0.14958251953125,-0.0707989501953125
138.36961832061067,28.39145038167939,12.101145038167939,-0.8584466552734376,0.09406982421875,-0.3454571533203125
103.61389312977099,15.941068702290078,24.650763358778626,-0.8394036865234376,0.06770263671875,-0.3596173095703125
146.78946564885496,39.246412213740456,0.3301526717557252,-0.9263177490234376,-0.35514892578125,-0.0590802001953125
69.37725190839694,2.025038167938931,40.88740458015267,-1.0376458740234376,0.16096435546875,-0.21020324707031252
61.8963358778626,-0.6543511450381679,18.208015267175572,-0.8054681396484376,0.00495849609375,-0.0932598876953125
66.1787786259542,2.3456488549618317,10.94083969465649,-0.8289056396484376,0.08698974609375,-0.3078594970703125
54.71312977099237,16.841832061068704,12.872137404580153,-0.8169427490234376,0.20954833984375,-0.3359356689453125
24.33145038167939,-25.547480916030533,29.4293893129771,-1.2978997802734376,0.36628662109375,0.0449237060546875
36.51465648854962,8.818931297709923,-17.58587786259542,-0.9802728271484376,-0.07536376953125,-0.23754699707031252
45.20931297709924,-6.12,1.2614503816793894,-0.7156243896484376,-0.07731689453125,-0.1237774658203125
42.33145038167939,18.54412213740458,21.818702290076335,-0.6438470458984376,0.0032495117187499997,-0.2543927001953125
-7.0960305343511445,-9.242137404580152,17.24618320610687,-0.8901849365234376,0.0010522460937499997,-0.13671691894531252
-21.973893129770993,50.98687022900763,-6.25,-1.9214349365234376,0.10237060546875,-0.2880841064453125
10.361984732824428,-8.684885496183206,5.406488549618321,-1.3062005615234376,0.26472412109375,-0.3207989501953125
-32.1036641221374,-40.73068702290077,-22.08969465648855,-0.4414544677734375,-0.0009008789062500003,-0.0034161376953125017
-20.737251908396946,21.757862595419848,-10.028625954198473,-0.5837884521484376,-0.08293212890625,-0.1249981689453125
30.117709923664123,12.254045801526717,3.5973282442748094,-0.6860833740234376,0.35847412109375,-0.3205548095703125
12.140610687022901,13.567022900763359,36.215648854961835,-2.0085931396484376,-0.23039306640625,-0.4577618408203125
-5.470076335877862,-23.272671755725188,-15.42557251908397,-1.2219720458984376,0.00666748046875,-0.2536602783203125
18.66732824427481,-18.74595419847328,-16.799618320610687,-0.4934564208984375,-0.11930908203125,-0.0300274658203125
-0.6990839694656488,-4.822290076335878,32.85687022900763,-0.6868157958984376,-0.15007080078125,-0.16015441894531252
-5.653282442748091,-14.93679389312977,-8.662213740458014,-1.0276361083984376,-0.33293212890625,-0.0707989501953125
-39.950992366412216,38.498320610687024,8.811068702290076,-2.0010247802734376,0.36286865234375,-0.5334454345703125
-32.28687022900763,-11.074198473282443,-3.6622137404580153,-1.1018548583984376,0.05207763671875,-0.3127423095703125
-20.057862595419845,-18.76885496183206,-22.005725190839694,-0.2698236083984375,-0.03141845703125,0.0473651123046875
17.911603053435115,20.826564885496186,-0.28053435114503816,-0.7073236083984376,-0.12175048828125,-0.2880841064453125
11.705496183206108,-4.257404580152672,14.24618320610687,-1.3936029052734376,0.01887451171875,-0.1152325439453125
2.9650381679389315,8.536488549618321,40.39885496183206,-1.4363275146484376,0.37361083984375,-0.3088360595703125
9.66732824427481,-22.142900763358778,-33.662213740458014,-0.8291497802734376,-0.10221923828125,-0.17919738769531252
11.797099236641222,-13.79175572519084,0.7958015267175572,-0.2676263427734375,0.00886474609375,0.0388201904296875
-16.16473282442748,26.681526717557254,16.467557251908396,-0.6494622802734376,0.21858154296875,-0.4536114501953125
-48.47007633587786,-51.16580152671756,-31.93702290076336,-1.1960931396484376,-0.33708251953125,0.17138854980468748
-0.2410687022900762,-3.7154198473282443,14.360687022900763,-1.6816888427734376,-0.09538330078125,-0.8115216064453125
-18.99679389312977,-40.562748091603055,-2.303435114503817,-0.6724114990234376,0.17390380859375,-0.19555480957031252
-1.6227480916030532,-14.234503816793893,-26.005725190839694,-0.0437493896484375,-0.17155517578125,0.1086444091796875
54.75893129770992,0.9868702290076335,15.360687022900763,-0.6550775146484376,0.19563232421875,-0.4331036376953125
13.33908396946565,22.154809160305344,37.55916030534351,-2.0085931396484376,-0.35295166015625,-0.7182598876953125
5.7970992366412215,-26.90625954198473,-15.143129770992367,-1.1951165771484376,-0.06413330078125,-0.24365051269531252
46.2169465648855,-5.990229007633588,-4.822519083969466,-0.2168450927734375,-0.16984619140625,0.0236834716796875
51.781832061068705,25.628091603053438,21.490458015267176,-0.4307122802734375,0.28791748046875,-0.4484844970703125
-18.508244274809158,1.4219847328244275,-22.112595419847327,-0.9419427490234376,0.04280029296875,0.3947772216796875
26.01083969465649,-25.142900763358778,22.10114503816794,-1.8796868896484376,-0.00529541015625,-0.3376446533203125
-19.18,-30.43297709923664,-10.333969465648854,-0.6450677490234376,0.28572021484375,-0.1015606689453125
-17.30213740458015,13.681526717557253,-14.501908396946565,-0.3357415771484375,-0.04313720703125,-0.0629864501953125
5.0184732824427485,-1.1658015267175572,3.269083969465649,-0.9905267333984376,0.01545654296875,-0.0654278564453125
16.78946564885496,18.07083969465649,26.7118320610687,-1.3516107177734376,0.30793701171875,-0.3952618408203125
24.949770992366414,-33.52458015267176,-18.37213740458015,-0.9355950927734376,0.03352294921875,-0.22070129394531252
32.69786259541985,-17.7230534351145,-13.59351145038168,-0.4314447021484375,-0.03678955078125,-0.12988098144531252
-31.34030534351145,17.88763358778626,9.062977099236642,-0.5518060302734376,0.22492919921875,-0.4540997314453125
-18.111297709923665,-34.94442748091603,-7.173664122137405,-0.6929193115234376,-0.40666259765625,0.0449237060546875
-9.622748091603054,27.376183206106873,26.200381679389313,-2.0085931396484376,-0.17350830078125,-0.5646954345703125
25.079541984732824,-17.234503816793893,20.337786259541986,-0.9756341552734376,0.31306396484375,-0.3374005126953125
11.293282442748092,-4.12,-19.58587786259542,-0.030809936523437498,-0.0028540039062500003,-0.0214825439453125
24.98030534351145,17.01740458015267,-23.234732824427482,-0.4434075927734375,0.09553466796875,-0.15649230957031252
19.82763358778626,-0.6619847328244275,33.154580152671755,-1.7974114990234376,0.30207763671875,-0.4140606689453125
-6.034961832061068,-30.684885496183206,-30.028625954198475,-1.0002923583984376,-0.10368408203125,-0.23510559082031252
36.81236641221374,-9.63145038167939,-7.486641221374046,-0.2754388427734375,-0.09562744140625,0.0012225341796874983
23.705496183206108,-7.226870229007634,14.383587786259541,-0.3630853271484375,0.12727294921875,-0.3535137939453125
28.079541984732824,-16.78412213740458,-15.028625954198473,-0.9795404052734376,0.02912841796875,0.3544940185546875
63.224580152671756,9.925801526717557,16.162213740458014,-1.7688470458984376,0.18708740234375,-0.6203594970703125
12.529923664122139,-26.08946564885496,2.398854961832061,-0.6272454833984376,0.14411865234375,-0.0183087158203125
20.28564885496183,5.185343511450381,-4.8683206106870225,-0.3520989990234375,0.02790771484375,-0.14965637207031252
33.7436641221374,14.147175572519084,-1.9217557251908397,-0.7512689208984376,-0.09684814453125,-0.3249493408203125
13.17114503816794,-81.18870229007634,50.39885496183206,-0.7654290771484376,-0.18473876953125,0.22387878417968748
89.40778625954198,4.788396946564886,-5.8683206106870225,-1.6101556396484376,0.19856201171875,-0.2651348876953125
145.44595419847326,-14.516946564885496,-19.2118320610687,-0.8301263427734376,-0.32194580078125,-0.0349102783203125
122.91160305343512,13.73496183206107,9.070610687022901,-0.7332025146484376,0.09602294921875,-0.22509582519531252
95.59862595419847,-6.906259541984733,27.208015267175572,-0.8970208740234376,0.14143310546875,-0.4509259033203125
123.67496183206107,3.21587786259542,-0.8377862595419847,-1.0603509521484376,-0.20427001953125,0.23950378417968748
108.16351145038168,8.170076335877862,45.017175572519086,-1.0249505615234376,0.29914794921875,-0.2580548095703125
85.35435114503817,-7.639083969465649,13.673664122137405,-0.7041497802734376,-0.04972900390625,-0.13427551269531252
75.67496183206107,-2.0665648854961836,13.452290076335878,-0.9182611083984376,0.20613037109375,-0.2954083251953125
47.03374045801527,7.650992366412214,12.070610687022901,-0.8486810302734376,0.27253662109375,-0.2739239501953125
89.67496183206107,6.101374045801527,37.54389312977099,-1.0283685302734376,-0.09733642578125,-0.13549621582031252
98.90396946564886,5.780763358778626,-10.494274809160306,-1.0925775146484376,-0.04362548828125,-0.17358215332031252
94.03374045801527,4.857099236641221,-4.685114503816794,-0.7822747802734376,0.04328857421875,-0.1249981689453125
71.46885496183206,21.963969465648855,18.833969465648856,-0.7029290771484376,0.06892333984375,-0.2612286376953125
53.865801526717554,-1.2650381679389313,28.513358778625953,-0.7219720458984376,-0.10295166015625,-0.2868634033203125
23.049007633587788,-2.043664122137405,28.864503816793892,-0.8721185302734376,-0.11027587890625,-0.19433410644531252
-39.462442748091604,60.14717557251908,2.200381679389313,-2.0085931396484376,0.17658935546875,-0.3061505126953125
11.094809160305344,6.742595419847328,-8.509541984732824,-1.0510736083984376,0.09675537109375,-0.23315246582031252
-10.042595419847327,-27.555114503816792,-11.143129770992367,-0.5349603271484376,0.02424560546875,-0.0705548095703125
25.63679389312977,19.528854961832064,-4.150763358778626,-0.6785150146484376,0.17243896484375,-0.3703594970703125
57.1787786259542,-3.593282442748092,9.536259541984732,-0.7581048583984376,0.25691162109375,-0.3779278564453125
5.041374045801527,10.475419847328244,31.322519083969464,-1.0188470458984376,0.22029052734375,0.0266131591796875
-0.9815267175572517,23.56702290076336,-14.372137404580153,-1.4573236083984376,-0.03385986328125,-0.5632305908203125
22.552824427480918,-17.738320610687023,-17.822519083969464,-0.7317376708984376,-0.12321533203125,-0.16283996582031252
13.621526717557252,1.9105343511450381,13.146946564885496,-0.5237298583984376,-0.10929931640625,-0.21728332519531252
-19.15709923664122,3.956335877862595,-4.906488549618321,-0.9082513427734376,0.11970458984375,-0.2680645751953125
-15.67618320610687,21.05557251908397,-10.280534351145038,-1.6343255615234376,-0.18718017578125,-0.17700012207031252
37.041374045801525,-18.707786259541983,6.986641221374046,-1.3047357177734376,0.30744873046875,-0.4196759033203125
-8.34030534351145,-28.63908396946565,-17.501908396946565,-0.4773431396484375,0.07673583984375,-0.0373516845703125
-6.653282442748091,2.612824427480916,-12.723282442748092,-0.5903802490234376,-0.01994384765625,-0.0549298095703125
21.606259541984734,-3.089465648854962,-1.3263358778625953,-0.7727532958984376,0.30696044921875,-0.21142395019531252
43.789465648854964,31.986870229007632,15.284351145038167,-1.6470208740234376,0.13581787109375,-0.5471173095703125
-23.546412213740457,-11.532213740458015,-13.685114503816793,-1.1179681396484376,-0.04850830078125,-0.24389465332031252
6.972671755725192,-28.10473282442748,-28.204198473282442,-0.6020989990234376,-0.13053955078125,-0.0803204345703125
-11.767786259541984,16.58992366412214,12.849236641221374,-0.6321282958984376,0.04231201171875,-0.2885723876953125
-42.8212213740458,-8.26503816793893,-5.5248091603053435,-0.6736322021484376,-0.10246337890625,-0.22265441894531252
-23.607480916030532,-8.79175572519084,-28.25763358778626,-1.2756829833984376,-0.01139892578125,0.1220721435546875
0.08717557251908409,-3.4329770992366413,1.5438931297709924,-1.3457513427734376,0.08186279296875,-0.4147930908203125
7.690229007633588,-21.990229007633587,-4.074427480916031,-0.4836907958984375,0.11384521484375,-0.0595684814453125
-6.279236641221374,7.047938931297709,-1.9064885496183206,-0.4443841552734375,-0.06095947265625,-0.1098614501953125
62.049007633587784,16.07083969465649,9.26908396946565,-0.8992181396484376,0.06867919921875,-0.3034649658203125
39.224580152671756,-1.5780152671755725,33.597328244274806,-1.8877435302734376,-0.22941650390625,-0.5761700439453125
21.728396946564885,-30.715419847328242,-20.730916030534353,-1.0273919677734376,-0.02287353515625,-0.2702618408203125
30.026106870229007,-44.28793893129771,-15.196564885496183,-0.4617181396484375,-0.15397705078125,0.0314959716796875
14.575725190839695,27.818931297709923,10.933206106870228,-0.3840814208984375,0.21296630859375,-0.3928204345703125
-41.73725190839695,-29.883358778625954,-24.326335877862597,-0.8166986083984376,-0.25993408203125,-0.0161114501953125
-23.630381679389313,-5.837557251908398,5.902671755725191,-1.9736810302734376,0.15876708984375,-0.2783184814453125
-29.660916030534352,-19.081832061068702,-2.234732824427481,-1.1152825927734376,0.22224365234375,-0.2678204345703125
-29.660916030534352,-24.07419847328244,-28.845419847328245,-0.2949700927734375,-0.08293212890625,0.0725115966796875
-15.920458015267174,14.681526717557253,-3.8912213740458017,-0.7952142333984376,-0.14567626953125,-0.1103497314453125
25.17114503816794,0.8112977099236641,21.74236641221374,-1.5239739990234376,-0.15104736328125,-0.1025372314453125
29.552824427480918,31.21587786259542,18.040076335877863,-1.4570794677734376,0.49226318359375,-0.4003887939453125
6.5680916030534355,-2.921526717557252,-21.188931297709924,-0.9111810302734376,-0.01335205078125,-0.24340637207031252
21.529923664122137,-19.75358778625954,-12.043893129770993,-0.5154290771484376,0.05134521484375,-0.13403137207031252
3.690229007633588,22.719694656488553,27.08587786259542,-0.4167962646484375,0.03620849609375,-0.4096661376953125
-30.920458015267176,-11.036030534351145,-18.42557251908397,-0.8169427490234376,-0.10954345703125,-0.17162902832031252
-15.805954198473282,32.1624427480916,-17.58587786259542,-1.3462396240234376,0.16145263671875,-0.2548809814453125
24.209312977099238,13.04793893129771,5.0248091603053435,-1.4221673583984376,0.0012963867187499997,-0.4433575439453125
-6.821221374045801,-6.089465648854962,-14.25,-0.3840814208984375,0.12092529296875,-0.0239239501953125
5.369618320610687,-9.242137404580152,-3.685114503816794,-0.6135736083984376,-0.31340087890625,0.1186541748046875
-29.87465648854962,-32.875725190839695,44.45229007633588,-2.0085931396484376,-0.58122314453125,-0.21337707519531252
5.7970992366412215,44.53648854961832,-16.891221374045802,-1.5439935302734376,0.33698974609375,-0.6279278564453125
16.262748091603054,-16.333740458015267,-25.692748091603054,-0.9045892333984376,-0.12492431640625,-0.19091613769531252
20.033740458015266,-3.2116030534351148,2.4599236641221376,-0.2285638427734375,0.03156982421875,-0.007566528320312502
5.323816793893131,-14.997862595419848,8.635496183206106,-0.4448724365234375,0.21882568359375,-0.18237121582031252
26.423053435114504,-4.394809160305344,-16.921755725190838,-0.6035638427734376,-0.21403564453125,0.0461444091796875
25.598625954198475,12.818931297709923,8.604961832061068,-1.8843255615234376,0.14582763671875,-0.6425762939453125
18.575725190839695,-18.692519083969465,0.4751908396946565,-1.0039544677734376,0.25031982421875,-0.3884259033203125
21.04137404580153,-18.7230534351145,-30.814885496183205,-0.3213372802734375,-0.04386962890625,0.012453002929687498
70.59099236641221,28.5975572519084,9.986641221374045,-0.8813958740234376,-0.22428955078125,-0.3269024658203125
5.094809160305344,2.811297709923664,48.719465648854964,-1.8520989990234376,0.14143310546875,-0.4599591064453125
60.285648854961835,-6.6314503816793895,54.13931297709924,-1.3394036865234376,-0.50651611328125,0.0163592529296875
113.85053435114504,-48.73068702290077,4.940839694656488,-0.9485345458984376,0.11482177734375,-0.21288879394531252
127.14824427480914,23.414351145038168,-1.3034351145038168,-0.6135736083984376,0.07331787109375,-0.3203106689453125
52.736030534351144,18.170076335877866,13.803435114503817,-0.9392572021484376,0.13606201171875,-0.4926739501953125
108.64442748091604,7.2540458015267175,4.551526717557252,-1.0010247802734376,-0.63298095703125,0.2629412841796875
124.91923664122137,2.7960305343511447,37.56679389312977,-1.2253900146484376,0.10945068359375,-0.3417950439453125
116.05664122137405,-26.93679389312977,10.57442748091603,-0.6728997802734376,-0.03019775390625,-0.14330871582031252
73.16351145038168,-10.562748091603053,13.719465648854962,-0.8677239990234376,0.21736083984375,-0.22900207519531252
71.75129770992366,22.803664122137405,5.826335877862595,-0.7441888427734376,0.11384521484375,-0.3647442626953125
4.6749618320610695,-34.58564885496183,31.36832061068702,-1.3218255615234376,-0.51872314453125,0.2980975341796875
69.36198473282442,10.994503816793893,16.02480916030534,-1.1833978271484376,-0.06291259765625,-0.0441876220703125
113.41541984732824,0.7654961832061069,-14.654580152671755,-0.7876458740234376,-0.13249267578125,-0.0539532470703125
106.33145038167939,13.475419847328244,7.162213740458015,-0.9067864990234376,0.14045654296875,-0.22167785644531252
60.39251908396947,14.101374045801526,14.40648854961832,-0.8486810302734376,0.07234130859375,-0.2717266845703125
42.87343511450382,1.7044274809160305,37.19274809160305,-0.6897454833984376,0.09699951171875,-0.2797833251953125
52.18641221374046,-7.417709923664122,1.0629770992366412,-0.6023431396484376,0.07087646484375,-0.0903302001953125
51.25511450381679,-63.79938931297709,-11.814885496183207,-1.2844720458984376,0.30842529296875,0.8547381591796875
24.278015267175572,15.536488549618321,5.826335877862595,-1.7776361083984376,0.52253662109375,-0.2739239501953125
-2.0120610687022897,-7.555114503816794,7.986641221374046,-0.8767572021484376,0.14704833984375,-0.1245098876953125
-14.241068702290075,-7.669618320610687,-11.990458015267176,-0.2593255615234375,-0.01457275390625,-0.0493145751953125
11.621526717557252,-13.333740458015267,4.093511450381679,-0.8625970458984376,0.15046630859375,-0.2687969970703125
4.926870229007634,-39.79175572519084,39.10114503816794,-1.6772943115234376,-0.34562744140625,0.0681170654296875
-6.798320610687022,27.25404580152672,6.719465648854962,-1.4236322021484376,0.40559326171875,-0.4152813720703125
13.590992366412214,-9.63145038167939,-31.532442748091604,-0.8860345458984376,-0.19499267578125,-0.13744934082031252
18.62916030534351,-9.074198473282443,-7.738549618320611,-0.3726068115234375,-0.01750244140625,-0.0336895751953125
10.514656488549619,23.06320610687023,16.612595419847327,-0.4563470458984375,0.17658935546875,-0.4792462158203125
2.3772519083969468,22.841832061068704,-23.196564885496183,-0.9785638427734376,-0.14103759765625,-0.1022930908203125
38.32381679389313,9.628091603053434,4.169847328244275,-1.7332025146484376,-0.09709228515625,-0.6110821533203125
-2.912824427480916,-21.829923664122134,-0.7690839694656488,-0.5725579833984376,0.15046630859375,-0.0749493408203125
-11.027328244274809,-9.272671755725192,-11.104961832061068,-0.2649407958984375,-0.16862548828125,0.0720233154296875
18.522290076335878,5.857099236641221,6.398854961832061,-0.5286126708984376,0.29743896484375,-0.22656066894531252
24.84290076335878,6.796030534351145,19.337786259541986,-2.0085931396484376,0.07746826171875,-0.5446759033203125
-1.1647328244274808,-12.684885496183206,-8.44083969465649,-1.1184564208984376,-0.00822509765625,-0.23901184082031252
28.34671755725191,-19.974961832061066,-24.112595419847327,-0.3877435302734375,-0.08659423828125,0.0429705810546875
-3.7525190839694655,24.88763358778626,27.391221374045802,-0.7905755615234376,-0.0030981445312500003,-0.3303204345703125
-46.68381679389313,-34.78412213740458,-9.463740458015268,-0.6892572021484376,-0.27165283203125,-0.0463848876953125
7.606259541984733,16.05557251908397,-10.341603053435115,-2.0085931396484376,0.15486083984375,-0.6035137939453125
-28.36320610687023,-18.78412213740458,-6.730916030534351,-1.0457025146484376,0.32527099609375,-0.3200665283203125
-50.210534351145036,-14.47114503816794,-26.799618320610687,-0.1963372802734375,-0.17692626953125,0.0651873779296875
45.44595419847328,26.505954198473283,-1.6469465648854962,-0.6335931396484376,-0.12248291015625,-0.3159161376953125
20.644427480916033,-48.49404580152672,39.4293893129771,-1.6968255615234376,-0.25334228515625,0.15088073730468748
-12.477709923664122,-5.440610687022901,-3.1125954198473282,-1.6667962646484376,0.05329833984375,-0.4428692626953125
20.69786259541985,-25.387175572519084,-25.730916030534353,-0.5178704833984376,-0.12907470703125,-0.0236798095703125
23.20167938931298,20.040305343511452,13.116412213740459,-0.2842279052734375,-0.08195556640625,-0.15283020019531252
-60.531145038167935,-0.7764885496183206,8.429389312977099,-1.1633782958984376,-0.01603759765625,-0.3234844970703125
-54.06549618320611,49.17770992366412,2.482824427480916,-2.0085931396484376,-0.08049072265625,-0.3701153564453125
24.743664122137407,-1.5016793893129772,5.956106870229007,-1.4463372802734376,0.26667724609375,-0.5544415283203125
-35.68381679389313,-0.37190839694656486,-16.349236641221374,-0.3679681396484375,0.01203857421875,-0.009763793945312502
50.415419847328245,-3.2345038167938935,-5.761450381679389,-0.3511224365234375,-0.14469970703125,-0.0983868408203125
-15.080763358778626,0.3609160305343512,-2.5706106870229006,-0.7529779052734376,0.35725341796875,-0.2866192626953125
18.300916030534353,10.269312977099236,45.26908396946565,-1.6389642333984376,0.08601318359375,-0.2509747314453125
3.087175572519084,-0.7383206106870229,-20.356870229007633,-1.2803216552734376,0.15754638671875,-0.5402813720703125
5.720763358778626,-34.745954198473285,-15.524809160305344,-0.4897943115234375,-0.11979736328125,-0.0737286376953125
5.6825954198473285,1.0174045801526717,-8.570610687022901,-0.7915521240234376,-0.09709228515625,-0.12621887207031252
-4.33267175572519,78.69679389312978,7.574427480916031,-1.2942376708984376,0.27839599609375,-0.4077130126953125
36.24748091603053,-25.310839694656487,-11.158396946564885,-1.7090325927734376,0.31819091796875,-0.6684552001953125
-29.84412213740458,-18.11236641221374,-14.280534351145038,-0.3958001708984375,0.18513427734375,-0.0764141845703125
16.736030534351144,-8.822290076335879,51.32251908396947,-1.7759271240234376,-0.33146728515625,-0.008543090820312502
-23.691450381679388,-37.387175572519084,-10.738549618320612,-1.4507318115234376,-0.08342041015625,-0.2712384033203125
18.736030534351144,-1.837557251908397,-31.196564885496183,-0.5291009521484376,-0.15300048828125,-0.0732403564453125
17.00320610687023,6.406717557251908,13.337786259541986,-0.2583489990234375,0.08039794921875,-0.22533996582031252
-11.928091603053435,-3.440610687022901,-4.9751908396946565,-0.5854974365234376,0.25471435546875,-0.20580871582031252
14.903969465648856,35.82656488549618,-12.76908396946565,-1.0317864990234376,-0.07267822265625,0.0996112060546875
32.7436641221374,15.650992366412215,-3.4561068702290076,-1.3367181396484376,-0.09806884765625,-0.6196270751953125
20.797099236641223,-11.356641221374046,-25.08206106870229,-0.4702630615234375,0.15486083984375,-0.0783673095703125
23.1406106870229,9.078473282442747,-8.341603053435115,-0.7646966552734376,-0.10588134765625,-0.20825012207031252
54.781832061068705,-0.7459541984732825,1.7729007633587786,-0.6331048583984376,0.35456787109375,-0.4377423095703125
104.77419847328244,13.269312977099236,21.482824427480917,-1.1609368896484376,-0.69914306640625,0.3029803466796875
140.43068702290074,-19.501679389312976,22.22328244274809,-1.0144525146484376,0.12068115234375,-0.2976055908203125
187.06427480916028,6.391450381679389,-5.601145038167939,-0.6436029052734376,0.00862060546875,-0.3803692626953125
123.62916030534352,15.750229007633589,42.27671755725191,-0.7500482177734376,0.15974365234375,-0.5686016845703125
100.14824427480916,-30.356641221374044,30.59732824427481,-1.6162591552734376,-0.10246337890625,0.4418963623046875
150.52229007633588,-23.94442748091603,39.04770992366412,-1.4895501708984376,0.49616943359375,-0.3898907470703125
116.82000000000001,-39.02076335877863,18.727099236641223,-0.5493646240234376,-0.06437744140625,-0.0412579345703125
64.40015267175572,-19.63145038167939,28.307251908396946,-0.9475579833984376,0.35749755859375,-0.2573223876953125
52.66732824427481,-7.494045801526718,-3.127862595419847,-0.7920404052734376,0.19221435546875,-0.22289855957031252
58.43832061068702,7.131908396946565,1.3759541984732824,-0.7947259521484376,0.12824951171875,-0.2692852783203125
82.33908396946565,-25.494045801526717,40.215648854961835,-1.5215325927734376,-0.26969970703125,0.17456237792968748
91.62916030534352,-3.2497709923664124,-20.5706106870229,-1.0635247802734376,0.0030053710937499997,-0.13696105957031252
103.60625954198473,-3.4940458015267177,-9.990458015267176,-0.7966790771484376,0.03840576171875,-0.13744934082031252
58.094809160305346,-2.2803053435114506,0.5973282442748091,-0.7749505615234376,0.12654052734375,-0.0920391845703125
85.66732824427481,40.51358778625954,3.5209923664122136,-0.3157220458984375,0.13655029296875,-0.4470196533203125
8.99557251908397,-12.364274809160305,9.841603053435115,-0.9141107177734376,0.15827880859375,-0.2753887939453125
48.34671755725191,63.490687022900765,-29.020992366412212,-0.7273431396484376,-0.01115478515625,0.15429870605468748
22.430687022900763,-0.1734351145038168,5.520992366412214,-1.6091790771484376,-0.08342041015625,-0.3920880126953125
-3.7830534351145038,-14.738320610687023,-1.5171755725190839,-0.5430169677734376,0.22248779296875,-0.0788555908203125
-35.69908396946565,26.788396946564887,-20.09732824427481,-0.1777825927734375,0.02253662109375,-0.1064434814453125
-22.851755725190838,6.322748091603053,2.4293893129770994,-0.8271966552734376,-0.03263916015625,-0.2568341064453125
19.224580152671756,-35.48641221374046,45.64312977099237,-1.5471673583984376,-0.47648681640625,0.19702331542968748
-4.16473282442748,-23.081832061068702,-4.181297709923665,-1.2224603271484376,0.09358154296875,-0.17260559082031252
20.85053435114504,-8.402442748091604,-18.24236641221374,-0.5522943115234376,-0.18473876953125,-0.015134887695312502
21.949770992366414,-8.463511450381679,17.74236641221374,-0.5613275146484376,-0.22648681640625,-0.0283184814453125
-8.905190839694656,-5.203969465648855,5.841603053435114,-0.7319818115234376,0.09699951171875,-0.4045391845703125
-4.34030534351145,23.467786259541985,-11.837786259541986,-1.9858880615234376,0.35774169921875,-0.2514630126953125
12.99557251908397,-6.265038167938932,2.2385496183206106,-1.3603997802734376,0.22541748046875,-0.3999005126953125
-17.294503816793892,-14.776488549618321,-32.280534351145036,-0.4341302490234375,0.08845458984375,0.011232299804687498
4.613893129770993,-12.26503816793893,-4.6316793893129775,-0.6692376708984376,-0.11174072265625,-0.0493145751953125
2.8963358778625956,6.673893129770992,-1.9370229007633588,-1.5037103271484376,-0.01286376953125,-0.2812481689453125
40.606259541984734,14.834198473282443,4.673664122137405,-1.3591790771484376,0.44148193359375,-0.2846661376953125
0.37725190839694667,-30.78412213740458,-28.364503816793892,-0.8843255615234376,-0.07609619140625,-0.16918762207031252
-0.05022900763358767,-1.768854961832061,-1.6622137404580153,-0.2549310302734375,0.02619873046875,-0.012937622070312502
4.911603053435115,9.399083969465648,14.780534351145038,-0.3660150146484375,0.17732177734375,-0.3540020751953125
-27.950992366412212,-24.516946564885494,-23.41793893129771,-0.9228997802734376,-0.21940673828125,-0.0165997314453125
-37.706717557251906,36.90290076335878,18.979007633587788,-1.9495111083984376,-0.10441650390625,-0.5795880126953125
12.49175572519084,-27.59328244274809,8.696564885496183,-0.9641595458984376,0.14900146484375,-0.2602520751953125
-10.248702290076336,-12.700152671755726,-4.830152671755725,-0.3745599365234375,0.02790771484375,-0.0632305908203125
14.873435114503817,-5.326106870229008,8.688931297709924,-0.7004876708984376,-0.20280517578125,0.0212420654296875
14.865801526717558,-14.776488549618321,25.7118320610687,-1.6621575927734376,-0.32585205078125,0.0544451904296875
25.148244274809162,26.5593893129771,3.230916030534351,-1.4177728271484376,0.54304443359375,-0.4470196533203125
-4.6456488549618316,-6.776488549618321,-20.700381679389313,-0.8286614990234376,-0.02287353515625,-0.22582824707031252
23.881068702290076,-16.715419847328242,-7.005725190839694,-0.3437982177734375,-0.05802978515625,0.0903338623046875
2.537557251908397,8.834198473282443,4.230916030534351,-0.5654779052734376,0.25007568359375,-0.2661114501953125
-27.470076335877863,-4.7459541984732825,-19.72328244274809,-1.0093255615234376,-0.11515869140625,0.21533386230468748
20.00320610687023,5.345648854961832,-1.6622137404580153,-1.4832025146484376,-0.07048095703125,-0.6311016845703125
24.590992366412213,-27.463511450381677,3.4980916030534353,-0.7588372802734376,0.09333740234375,-0.18945129394531252
3.9879389312977103,-1.5474809160305343,-5.616412213740458,-0.6238275146484376,-0.01091064453125,-0.17284973144531252
26.46885496183206,-5.62381679389313,10.414122137404581,-0.5757318115234376,-0.05046142578125,-0.21362121582031252
-26.622748091603054,-42.379541984732825,22.826335877862597,-1.1213861083984376,0.04719482421875,0.2602557373046875
-3.1876335877862596,38.628091603053434,-9.211832061068701,-1.4880853271484376,-0.02800048828125,-0.5061016845703125
2.255114503816794,-13.242137404580152,-8.166030534351146,-0.7356439208984376,-0.19133056640625,-0.0590802001953125
1.9192366412213742,-24.524580152671753,11.811068702290076,-0.5242181396484376,-0.01139892578125,-0.19848449707031252
-26.118931297709924,2.6738931297709922,-5.624045801526718,-0.7520013427734376,0.02766357421875,-0.3024884033203125
14.812366412213741,-16.700152671755724,-4.074427480916031,-1.3796868896484376,0.16340576171875,0.0314959716796875
1.82,47.02503816793893,-9.356870229007633,-1.4675775146484376,0.03010498046875,-0.3784161376953125
-12.576946564885496,-19.654351145038166,-19.120229007633586,-0.5305657958984376,0.26179443359375,-0.1228009033203125
-17.615114503816795,-3.837557251908397,-5.311068702290076,-0.7134271240234376,0.02497802734375,-0.16235168457031252
30.758931297709925,-44.058931297709925,17.7118320610687,-1.2017083740234376,-0.25920166015625,-0.9067364501953125
-0.004427480916030413,15.719694656488551,0.4599236641221374,-1.5774407958984376,0.02595458984375,-0.21581848144531252
4.980305343511451,-25.349007633587785,-8.127862595419847,-1.1165032958984376,0.01667724609375,-0.23534973144531252
17.064274809160306,-19.21923664122137,-14.41793893129771,-0.5593743896484376,-0.09391845703125,-0.1142559814453125
-11.844122137404579,19.467786259541985,-1.8759541984732824,-0.8318353271484376,-0.23185791015625,-0.2607403564453125
0.7512977099236643,3.9181679389312976,1.2309160305343512,-0.8076654052734376,-0.05729736328125,-0.3825665283203125
-47.62274809160305,-36.73068702290077,-14.333969465648854,-1.4888177490234376,-0.01091064453125,0.16406433105468748
37.468854961832065,26.92580152671756,-2.883587786259542,-1.4097161865234376,0.00837646484375,-0.4699688720703125
25.102442748091605,-26.005496183206105,-11.616412213740459,-0.6687493896484376,0.19245849609375,-0.16772277832031252
23.47648854961832,-2.4482442748091606,-19.59351145038168,-0.5491204833984376,-0.05778564453125,-0.17162902832031252
82.2169465648855,18.536488549618323,11.956106870229007,-0.7515130615234376,-0.03312744140625,-0.5141583251953125
64.30854961832061,-3.478778625954199,12.162213740458014,-1.1135736083984376,0.03327880859375,0.0759295654296875
85.72839694656489,9.254045801526717,24.360687022900763,-1.3455072021484376,-0.12126220703125,-0.14526184082031252
142.0032061068702,-26.822290076335875,-0.8606870229007634,-0.7498040771484376,-0.02043212890625,-0.23290832519531252
126.23221374045801,17.689160305343513,13.727099236641221,-0.7190423583984376,-0.00407470703125,-0.3701153564453125
98.62152671755726,-5.280305343511451,30.833969465648856,-1.4109368896484376,0.05842529296875,0.0734881591796875
124.17114503816794,-1.9520610687022901,29.299618320610687,-1.2961907958984376,0.21858154296875,-0.22387512207031252
79.96503816793893,-24.158167938931296,20.047709923664122,-0.7090325927734376,-0.00749267578125,-0.0978985595703125
75.62152671755726,-6.028396946564886,11.780534351145038,-0.7202630615234376,0.13191162109375,-0.18871887207031252
51.5757251908397,8.666259541984733,2.864503816793893,-0.7891107177734376,0.20442138671875,-0.3188458251953125
51.13297709923664,-22.06656488549618,28.94083969465649,-2.0085931396484376,-0.39006103515625,0.0031756591796874983
42.4612213740458,-21.74595419847328,19.330152671755727,-1.1584954833984376,-0.20646728515625,0.15918151855468748
112.09480916030535,11.834198473282443,-3.051526717557252,-0.9697747802734376,-0.13639892578125,-0.1071759033203125
102.39251908396946,6.276946564885496,9.437022900763358,-0.9741693115234376,0.07356201171875,-0.24804504394531252
79.16351145038168,10.788396946564886,17.154580152671755,-0.7739739990234376,0.10066162109375,-0.4003887939453125
52.01083969465649,-48.45587786259542,13.040076335877863,-1.0059075927734376,0.20051513671875,0.4550799560546875
67.01083969465648,3.37618320610687,37.49045801526717,-1.4148431396484376,0.36262451171875,-0.2609844970703125
26.384885496183205,-21.585648854961832,21.25381679389313,-0.6301751708984376,-0.05802978515625,-0.0029278564453125017
14.690229007633588,6.498320610687022,5.040076335877862,-0.4150872802734375,0.20808349609375,-0.12621887207031252
6.209312977099237,-19.08946564885496,-4.349236641221374,-0.7441888427734376,0.26985107421875,-0.1179180908203125
6.644427480916031,-83.1963358778626,45.00954198473283,-1.6165032958984376,-0.49455322265625,0.4047869873046875
2.423053435114504,25.002137404580154,4.650763358778626,-2.0085931396484376,0.20417724609375,-0.4892559814453125
-11.996793893129771,-12.845190839694657,-27.822519083969464,-0.7749505615234376,-0.05363525390625,-0.1005841064453125
11.49175572519084,-20.036030534351145,-12.364503816793894,-0.6174798583984376,-0.17497314453125,-0.0295391845703125
23.1406106870229,23.292213740458017,24.169847328244273,-0.7085443115234376,0.04865966796875,-0.4487286376953125
2.7283969465648856,-9.753587786259542,-14.288167938931299,-0.7424798583984376,-0.19694580078125,-0.19946105957031252
-0.08076335877862584,43.10137404580153,11.88740458015267,-1.8442864990234376,0.33479248046875,-0.4843731689453125
14.361984732824428,-9.661984732824427,1.3377862595419847,-1.0369134521484376,0.23615966796875,-0.2900372314453125
5.476488549618321,-5.7383206106870235,-21.379770992366414,-0.1719232177734375,-0.01677001953125,0.13012878417968748
27.00320610687023,2.4830534351145035,22.28435114503817,-0.5481439208984376,-0.04679931640625,-0.22070129394531252
6.83526717557252,-26.173435114503814,44.4293893129771,-1.4021478271484376,-0.09074462890625,0.3554705810546875
-7.767786259541984,4.658625954198473,-5.875954198473282,-1.5334954833984376,0.23103271484375,-0.3586407470703125
23.85053435114504,-17.150534351145037,-13.814885496183207,-0.5928216552734376,-0.15324462890625,-0.0688458251953125
20.056641221374047,21.689160305343513,2.5286259541984735,-0.3928704833984375,-0.10002197265625,-0.2561016845703125
-52.96625954198473,4.101374045801527,0.383587786259542,-1.1467767333984376,-0.15007080078125,-0.24877746582031252
-22.775419847328244,51.42198473282443,-7.120229007633588,-1.9080072021484376,0.10920654296875,-0.20190246582031252
14.484122137404581,5.528854961832061,-18.448473282442748,-1.4348626708984376,0.17878662109375,-0.4855938720703125
-24.034961832061068,-22.974961832061066,-15.631679389312977,-0.3784661865234375,0.11701904296875,0.0439471435546875
6.377251908396947,-1.4177099236641222,9.956106870229007,-0.6414056396484376,-0.06974853515625,-0.1159649658203125
1.4077862595419848,-5.8604580152671755,-0.15839694656488548,-0.7034173583984376,0.09431396484375,-0.13134582519531252
59.95740458015267,27.91053435114504,32.31488549618321,-2.0085931396484376,-0.04948486328125,-0.7690411376953125
11.094809160305344,-18.539847328244274,-15.41030534351145,-1.1033197021484376,0.05134521484375,-0.2749005126953125
30.35435114503817,-5.326106870229008,-4.028625954198473,-0.2986322021484375,-0.07511962890625,0.0361346435546875
-8.111297709923663,7.21587786259542,25.375954198473284,-0.9653802490234376,0.12263427734375,-0.3505841064453125
-10.874656488549618,-51.10473282442748,17.0706106870229,-1.0635247802734376,-0.42863525390625,-0.1191387939453125
-10.790687022900762,1.1090076335877863,17.92557251908397,-1.8784661865234376,0.00910888671875,-0.5566387939453125
8.720763358778626,-25.91389312977099,4.230916030534351,-1.0342279052734376,0.25593505859375,-0.3356915283203125
-17.744885496183205,-14.700152671755726,-16.387404580152673,-0.3201165771484375,-0.0018774414062500003,-0.0817852783203125
-16.36320610687023,-17.45587786259542,-11.868320610687023,-0.8430657958984376,-0.06120361328125,-0.0327130126953125
-12.958625954198473,-23.081832061068702,26.89503816793893,-2.0085931396484376,-0.26530517578125,-0.1069317626953125
-1.9204580152671755,10.551755725190839,14.795801526717558,-1.4839349365234376,0.23200927734375,-0.2814923095703125
12.003206106870229,-0.28030534351145037,-18.28053435114504,-0.9080072021484376,-0.04557861328125,-0.13134582519531252
33.18641221374046,10.70442748091603,0.2385496183206107,-0.3386712646484375,-0.03288330078125,-0.0510235595703125
17.97267175572519,17.88763358778626,11.360687022900763,-0.4453607177734375,0.18366943359375,-0.3432598876953125
-1.84412213740458,7.9181679389312976,-36.95992366412214,-0.8123040771484376,0.04060302734375,0.3010272216796875
20.613893129770993,-20.738320610687023,0.2767175572519084,-1.7771478271484376,0.35749755859375,-0.6044903564453125
-12.210534351145037,-23.898625954198472,-10.120229007633588,-0.6628900146484376,0.19929443359375,-0.16625793457031252
-15.386106870229007,0.2769465648854962,-38.8912213740458,-0.2424798583984375,-0.17302001953125,0.0798358154296875
12.636793893129772,8.956335877862594,21.22328244274809,-0.5530267333984376,0.22346435546875,-0.2546368408203125
21.51465648854962,30.09374045801527,26.7881679389313,-1.9827142333984376,0.14265380859375,-0.6933575439453125
-24.17236641221374,-19.738320610687023,-28.40267175572519,-1.1001458740234376,-0.10636962890625,-0.2661114501953125
5.140610687022901,-7.219236641221374,-8.90648854961832,-0.3755364990234375,-0.03727783203125,-0.0263653564453125
-5.943358778625954,0.10900763358778627,30.90267175572519,-0.9402337646484376,-0.14836181640625,-0.24535949707031252
5.590992366412214,-53.7612213740458,1.5286259541984732,-0.5876947021484376,-0.31999267578125,0.13257019042968748
-0.8975572519083969,-29.028396946564882,-0.38740458015267176,-1.9663568115234376,-0.09001220703125,-0.4497052001953125
55.27038167938932,-10.768854961832062,-0.8912213740458015,-1.1130853271484376,0.39045654296875,-0.3522930908203125
-8.187633587786259,-25.196335877862595,-26.043893129770993,-0.0649896240234375,-0.0018774414062500003,0.0302752685546875
21.69786259541985,33.78076335877862,5.5896946564885495,-0.7356439208984376,-0.10490478515625,-0.3459454345703125
16.82,-44.59328244274809,38.536259541984734,-1.4807611083984376,-0.13102783203125,0.15527526855468748
-1.9357251908396946,26.06320610687023,13.811068702290076,-1.0859857177734376,0.28987060546875,-0.3757305908203125
48.30091603053435,-5.158167938931298,-18.349236641221374,-0.9675775146484376,-0.17741455078125,-0.24780090332031252
56.94977099236641,3.7044274809160305,10.42175572519084,-0.4788079833984375,0.03620849609375,-0.0839825439453125
62.598625954198475,1.9716030534351143,-0.21183206106870228,-0.1230950927734375,0.07307373046875,-0.2941876220703125
64.19404580152671,15.147175572519084,-13.26526717557252,-1.4736810302734376,0.22248779296875,0.0886248779296875
73.52229007633588,-21.25740458015267,20.185114503816795,-1.8083978271484376,-0.02116455078125,-0.5712872314453125
59.278015267175576,-22.272671755725188,8.414122137404581,-0.6855950927734376,0.09333740234375,-0.0778790283203125
64.69786259541985,-14.020763358778627,9.58206106870229,-0.6182122802734376,0.0017846679687499997,-0.1044903564453125
54.37725190839695,-0.02839694656488549,-1.784351145038168,-1.0356927490234376,0.13435302734375,-0.6132794189453125
37.972671755725194,-18.75358778625954,20.185114503816795,-1.2114739990234376,0.43781982421875,-0.0891094970703125
88.59862595419847,18.460152671755726,-4.8683206106870225,-0.9189935302734376,-0.11979736328125,-0.19116027832031252
114.56045801526717,2.498320610687023,-1.868320610687023,-0.8533197021484376,-0.03263916015625,-0.16674621582031252
116.50702290076336,27.880000000000003,20.41412213740458,-0.8523431396484376,0.04914794921875,-0.2873516845703125
97.36198473282442,3.124274809160305,23.60496183206107,-0.9727044677734376,0.11262451171875,-0.4218731689453125
106.48412213740458,50.811297709923664,-21.028625954198475,-1.2246575927734376,-0.32316650390625,-0.3066387939453125
95.52992366412214,-0.5780152671755725,36.04007633587786,-0.9219232177734376,0.13703857421875,-0.3190899658203125
65.15587786259542,-4.868091603053435,20.375954198473284,-0.7678704833984376,0.06623779296875,-0.1247540283203125
74.4993893129771,13.162442748091603,23.7881679389313,-0.8535638427734376,0.20539794921875,-0.4365216064453125
41.33145038167939,-9.494045801526719,18.44465648854962,-1.6333489990234376,-0.05363525390625,0.0288104248046875
-3.2334351145038167,-60.875725190839695,35.208015267175576,-1.1201654052734376,0.06086669921875,0.24463073730468748
50.79709923664122,-3.6085496183206107,-15.379770992366412,-1.0354486083984376,-0.07487548828125,-0.20434387207031252
49.858167938931295,3.2998473282442746,0.7576335877862596,-0.8110833740234376,-0.03288330078125,-0.16967590332031252
64.76656488549618,-0.5245801526717557,23.543893129770993,-0.6562982177734376,-0.02800048828125,-0.1240216064453125
12.01083969465649,18.612824427480916,4.055343511450381,-0.8420892333984376,0.23054443359375,-0.4804669189453125
2.3467175572519086,-6.173435114503817,-23.967557251908396,-0.8865228271484376,-0.12077392578125,0.4099139404296875
21.644427480916033,-38.72305343511451,23.59732824427481,-1.4827142333984376,0.12702880859375,-0.2907696533203125
24.69786259541985,-9.432977099236641,-2.41793893129771,-0.8135247802734376,0.07917724609375,-0.3300762939453125
12.83526717557252,6.528854961832061,-12.104961832061068,-0.5413079833984376,0.06550537109375,-0.22582824707031252
-5.897557251908396,12.38381679389313,6.948473282442748,-0.6543450927734376,0.03108154296875,-0.24950988769531252
-16.202900763358777,-51.84519083969466,49.27671755725191,-1.3923822021484376,-0.43547119140625,0.3325213623046875
-15.454809160305343,36.994503816793895,-2.013358778625954,-1.5107904052734376,0.25813232421875,-0.4982891845703125
12.270381679389313,-16.60091603053435,-20.120229007633586,-0.7695794677734376,-0.19572509765625,-0.22778137207031252
8.965038167938932,-3.524580152671756,17.177480916030536,-0.5071282958984376,-0.04411376953125,-0.1000958251953125
-0.6074809160305342,-0.0665648854961832,-13.013358778625955,-0.6580072021484376,0.36067138671875,-0.4108868408203125
-5.248702290076335,6.750229007633588,-19.020992366412212,-0.9587884521484376,0.03864990234375,0.0737322998046875
17.926870229007633,-3.723053435114504,10.276717557251908,-1.5845208740234376,-0.05070556640625,-0.5087872314453125
-15.431908396946564,-54.738320610687026,-2.181297709923664,-0.6511712646484376,0.16535888671875,-0.13134582519531252
-18.95862595419847,-4.715419847328245,-22.998091603053435,-0.5840325927734376,-0.07731689453125,-0.16015441894531252
9.071908396946565,7.620458015267175,6.284351145038168,-0.6103997802734376,-0.06926025390625,-0.24877746582031252
10.186412213740459,-9.776488549618321,17.666030534351144,-1.4756341552734376,-0.15666259765625,0.0908221435546875
4.690229007633588,8.38381679389313,9.23091603053435,-1.8723626708984376,0.31013427734375,-0.6279278564453125
-3.7983206106870226,-19.326106870229005,-18.730916030534353,-0.9163079833984376,-0.13664306640625,-0.13354309082031252
23.178778625954198,-14.349007633587787,-10.791984732824428,-0.4648919677734375,-0.09733642578125,-0.004880981445312502
-9.233435114503816,7.047938931297709,15.948473282442748,-0.6230950927734376,-0.01261962890625,-0.2619610595703125
-31.790687022900762,-1.555114503816794,-17.181297709923665,-0.4790521240234375,-0.03434814453125,-0.18823059082031252
-53.531145038167935,41.444885496183204,-6.150763358778626,-2.0085931396484376,0.27668701171875,-0.3947735595703125
13.743664122137405,-13.463511450381679,17.353053435114504,-1.4519525146484376,0.29670654296875,-0.3886700439453125
11.629160305343513,-25.860458015267174,-17.456106870229007,-0.4807611083984375,0.02058349609375,-0.0185528564453125
20.766564885496184,22.880000000000003,-7.043893129770993,-0.5540032958984376,-0.07658447265625,-0.0424786376953125
29.20167938931298,13.841832061068702,6.1393129770992365,-0.7280755615234376,0.16780029296875,-0.3366680908203125
28.728396946564885,-10.45587786259542,46.23854961832061,-1.0852532958984376,0.08332763671875,0.15039245605468748
21.903969465648856,19.24641221374046,-15.799618320610687,-1.4312005615234376,0.11482177734375,-0.4997540283203125
37.98793893129771,-31.181068702290077,-28.875954198473284,-0.7546868896484376,-0.13810791015625,-0.1120587158203125
-1.7219847328244273,30.88763358778626,23.58969465648855,-0.7405267333984376,-0.07780517578125,-0.2756329345703125
-80.24106870229008,28.536488549618323,-37.12786259541985,-1.0505853271484376,-0.13371337890625,-0.5690899658203125
-47.74488549618321,4.322748091603053,-20.540076335877863,-1.3357415771484376,-0.21037353515625,0.2973651123046875
-6.790687022900763,15.39145038167939,0.6965648854961832,-1.5400872802734376,0.00739990234375,-0.6415997314453125
-23.943358778625953,-40.12763358778626,-12.372137404580153,-0.6213861083984376,0.04402099609375,-0.0964337158203125
-16.042595419847327,17.139541984732826,-8.517175572519085,-0.5259271240234376,-0.21843017578125,-0.1196270751953125
83.48412213740458,18.2387786259542,17.314885496183205,-0.3899407958984375,0.18049560546875,-0.5178204345703125
-3.5387786259541985,-9.562748091603053,43.30725190839695,-1.7581048583984376,-0.07463134765625,-0.18481262207031252
-9.416641221374045,-17.494045801526717,-18.700381679389313,-1.4036126708984376,-0.0033422851562500003,-0.3183575439453125
17.705496183206108,-26.63145038167939,-20.379770992366414,-0.5786614990234376,-0.05436767578125,-0.1115704345703125
-7.4395419847328235,14.139541984732825,4.429389312977099,-0.6577630615234376,-0.19938720703125,-0.15575988769531252
-55.409007633587784,-25.341374045801526,-3.280534351145038,-0.9116693115234376,-0.31657470703125,-0.19872863769531252
-24.752519083969464,20.383816793893132,2.3759541984732824,-1.9900384521484376,-0.14347900390625,-0.15185363769531252
40.606259541984734,2.658625954198473,8.444656488549619,-1.4224114990234376,0.24665771484375,-0.4406719970703125
-7.286870229007633,-47.432977099236645,-19.42557251908397,-0.4766107177734375,0.0005639648437499997,0.0742205810546875
2.644427480916031,16.24641221374046,-3.4255725190839694,-0.7366204833984376,-0.08683837890625,-0.21484191894531252
38.62152671755725,9.490687022900763,1.91793893129771,-0.9258294677734376,0.21638427734375,-0.3540020751953125
36.66732824427481,-2.8299236641221377,41.61259541984733,-0.7258782958984376,0.15949951171875,0.0742205810546875
-19.851755725190838,31.65862595419847,-30.227099236641223,-1.1887689208984376,0.22712646484375,-0.5656719970703125
1.8352671755725192,-34.34137404580153,-53.73091603053435,-0.7454095458984376,-0.21916259765625,-0.16821105957031252
23.78946564885496,10.994503816793893,11.88740458015267,-0.1858392333984375,-0.12931884765625,-0.0698223876953125
-39.134198473282446,16.223511450381682,-28.769083969465647,-0.6975579833984376,0.10969482421875,-0.5874005126953125
-23.912824427480917,57.14717557251908,-20.364503816793892,-1.4944329833984376,-0.03947509765625,-0.0585919189453125
45.407786259541986,30.826564885496186,20.185114503816795,-1.5598626708984376,0.27400146484375,-0.6120587158203125
14.858167938931299,-50.82992366412214,-17.036259541984734,-0.5122552490234376,0.18318115234375,-0.0227032470703125
18.056641221374047,10.292213740458015,-13.791984732824428,-0.3748040771484375,0.06355224609375,-0.18627746582031252
100.15587786259542,12.971603053435114,19.727099236641223,-0.9297357177734376,-0.20378173828125,-0.5244122314453125
61.64442748091603,-51.4787786259542,41.536259541984734,-1.1580072021484376,0.01008544921875,0.2880877685546875
109.4993893129771,25.39908396946565,19.208015267175572,-1.5234857177734376,-0.14592041015625,-0.4577618408203125
139.67496183206106,-13.211603053435114,-11.723282442748092,-0.6304193115234376,-0.0035864257812500003,-0.21264465332031252
109.78946564885496,40.498320610687024,31.818702290076335,-0.5698724365234376,0.15119873046875,-0.4826641845703125
76.58335877862595,-8.341374045801526,-11.272900763358779,-1.1794915771484376,-0.24626220703125,0.2919940185546875
80.58335877862595,-22.11236641221374,46.32251908396947,-1.0813470458984376,0.43098388671875,-0.2648907470703125
54.552824427480914,-16.341374045801526,13.307251908396946,-0.6287103271484376,0.00837646484375,-0.15527160644531252
61.69786259541985,-4.097099236641221,8.345419847328245,-0.8577142333984376,0.11555419921875,-0.3608380126953125
63.590992366412216,0.34564885496183206,-3.2576335877862594,-0.8047357177734376,0.09358154296875,-0.2744122314453125
90.72076335877863,14.070839694656488,32.91030534351145,-0.7258782958984376,0.21272216796875,0.0842303466796875
90.08717557251909,-4.219236641221374,-0.15839694656488548,-1.0161614990234376,0.01399169921875,-0.16406066894531252
123.48412213740458,-7.432977099236641,-2.196564885496183,-0.7830072021484376,-0.00602783203125,-0.17700012207031252
78.30854961832061,28.58992366412214,10.650763358778626,-0.7312493896484376,0.17976318359375,-0.3374005126953125
61.94213740458015,15.070839694656488,27.009541984732824,-0.9055657958984376,0.04353271484375,-0.4077130126953125
120.36198473282442,22.70442748091603,-17.42557251908397,-0.9565911865234376,-0.51481689453125,-0.14477355957031252
41.87343511450382,-15.203969465648855,40.536259541984734,-1.0215325927734376,0.12507568359375,-0.16479309082031252
44.415419847328245,-22.547480916030533,6.681297709923665,-0.6650872802734376,-0.02629150390625,-0.0842266845703125
37.50702290076336,5.7044274809160305,-6.677480916030534,-0.5532708740234376,0.07746826171875,-0.2563458251953125
11.16351145038168,-1.0360305343511451,18.772900763358777,-0.6736322021484376,0.15461669921875,-0.12548645019531252
19.01083969465649,-31.387175572519087,40.62022900763359,-1.2588372802734376,-0.04948486328125,0.17456237792968748
-4.5006106870229,22.23114503816794,-0.6927480916030534,-1.7080560302734376,-0.10636962890625,-0.5795880126953125
34.545190839694655,-18.868091603053433,-22.06679389312977,-0.7681146240234376,-0.10636962890625,-0.13036926269531252
-11.630381679389313,-12.578015267175573,-3.3874045801526718,-0.6355462646484376,0.06721435546875,-0.17016418457031252
7.713129770992367,5.21587786259542,4.833969465648855,-0.2759271240234375,0.08406005859375,-0.3376446533203125
-8.134198473282442,-14.669618320610688,-13.608778625954198,-0.5813470458984376,-0.10759033203125,-0.0031719970703125017
-32.760152671755726,27.36091603053435,13.772900763358779,-1.8291497802734376,-0.11027587890625,-0.2822247314453125
27.682595419847328,-3.807022900763359,4.284351145038168,-1.1318841552734376,0.12654052734375,-0.3354473876953125
-8.638015267175572,-33.425343511450386,-19.234732824427482,-0.4873529052734375,0.02058349609375,-0.0874005126953125
14.33145038167939,7.223511450381679,-0.5400763358778626,-0.6025872802734376,-0.00724853515625,-0.16967590332031252
34.67496183206107,-24.807022900763357,14.452290076335878,-0.3520989990234375,0.40071044921875,-0.23046691894531252
16.621526717557252,29.04793893129771,24.169847328244273,-1.5608392333984376,0.12849365234375,-0.3679180908203125
0.11770992366412227,5.673893129770992,-8.57824427480916,-1.2151361083984376,-0.02238525390625,-0.22192199707031252
29.568091603053436,-16.303206106870228,-18.005725190839694,-0.6753411865234376,0.00935302734375,-0.15258605957031252
11.606259541984734,-1.6772519083969466,14.337786259541986,-0.5564447021484376,-0.07682861328125,-0.1137677001953125
-6.99679389312977,-3.219236641221374,-9.257633587786259,-0.3816400146484375,0.02619873046875,-0.3144512939453125
-21.920458015267176,0.9792366412213741,-3.2423664122137406,-1.4727044677734376,-0.05436767578125,0.005372924804687498
30.81236641221374,7.21587786259542,7.314885496183206,-1.6570306396484376,0.18049560546875,-0.5861798095703125
-17.065496183206108,-36.684885496183206,-22.143129770992367,-0.6719232177734376,0.02619873046875,-0.1188946533203125
-21.14946564885496,-1.0665648854961831,-12.38740458015267,-0.4214349365234375,-0.12443603515625,-0.0307598876953125
14.842900763358779,-12.669618320610688,14.459923664122137,-0.6501947021484376,-0.14250244140625,-0.3105450439453125
-4.012061068702289,-41.32610687022901,44.20038167938932,-1.1648431396484376,-0.15690673828125,0.3713397216796875
-19.195267175572518,53.742595419847326,-4.898854961832061,-1.8342767333984376,0.33528076171875,-0.7133770751953125
11.102442748091603,-21.005496183206105,-27.456106870229007,-0.7590814208984376,-0.20134033203125,-0.13720520019531252
35.88870229007634,3.3838167938931294,10.490458015267176,-0.2090325927734375,-0.01017822265625,-0.0202618408203125
10.82763358778626,24.54412213740458,3.41412213740458,-0.2087884521484375,0.44050537109375,-0.4011212158203125
-20.943358778625953,4.88,-9.150763358778626,-1.0823236083984376,0.22639404296875,0.1018084716796875
27.19404580152672,13.269312977099236,-6.097328244274809,-1.7202630615234376,-0.16154541015625,-0.5539532470703125
-20.752519083969464,-25.868091603053433,-8.509541984732824,-0.5581536865234376,0.18049560546875,-0.0380841064453125
-41.07312977099237,1.6051908396946566,-21.24236641221374,-0.3228021240234375,-0.11222900390625,-0.0544415283203125
25.583358778625954,4.521221374045801,-4.379770992366412,-0.3445306396484375,-0.13639892578125,-0.2729473876953125
23.926870229007633,15.803664122137405,35.146946564885496,-2.0085931396484376,-0.09587158203125,-0.2712384033203125
-1.7219847328244273,-12.28793893129771,-15.73091603053435,-1.2415032958984376,-0.09977783203125,-0.2790509033203125
12.728396946564885,-15.562748091603053,-23.234732824427482,-0.5298333740234376,-0.10051025390625,-0.0207501220703125
18.384885496183205,13.429618320610686,34.23091603053435,-0.6724114990234376,-0.25309814453125,-0.19140441894531252
-18.52351145038168,-21.463511450381677,7.0248091603053435,-1.0718255615234376,-0.0021215820312500003,-0.2746563720703125
-46.24870229007634,14.498320610687022,-42.95229007633588,-1.5627923583984376,-0.26530517578125,-0.00024230957031250167
-4.088396946564885,-1.5398473282442748,20.75,-1.4705072021484376,0.16950927734375,-0.3679180908203125
-8.5006106870229,-15.349007633587787,-24.891221374045802,-0.4434075927734375,0.02864013671875,-0.010496215820312502
-7.012061068702289,50.40671755725191,-23.540076335877863,-0.5198236083984376,0.23445068359375,-0.19433410644531252
34.774198473282446,-17.90625954198473,16.10114503816794,-0.5305657958984376,0.14363037109375,-0.15038879394531252
36.95740458015267,22.20824427480916,22.62786259541985,-1.7327142333984376,-0.04362548828125,-0.5385723876953125
14.110076335877864,-13.669618320610688,-17.494274809160306,-1.0757318115234376,-0.15202392578125,-0.1181622314453125
25.529923664122137,-18.837557251908397,-19.608778625954198,-0.3867669677734375,-0.06681884765625,-0.012205200195312502
26.056641221374047,-1.8833587786259542,24.948473282442748,-0.2803216552734375,-0.0006567382812500003,-0.16308410644531252
-32.8212213740458,-10.761221374045801,-8.700381679389313,-0.6223626708984376,0.03669677734375,-0.1147442626953125
-4.065496183206107,29.42961832061069,-4.685114503816794,-1.8320794677734376,0.08479248046875,-0.4204083251953125
14.415419847328245,-16.890992366412213,11.108778625954198,-1.2190423583984376,0.20442138671875,-0.2695294189453125
-11.783053435114503,-34.54748091603054,-22.86832061068702,-0.4602532958984375,-0.05925048828125,-0.0021954345703125017
9.529923664122139,-8.745954198473283,-6.463740458015267,-0.3267083740234375,-0.01530517578125,0.0795916748046875
57.82,5.3685496183206105,25.108778625954198,-0.5923333740234376,0.14265380859375,-0.6208477783203125
18.117709923664123,4.689160305343512,21.13167938931298,-1.2395501708984376,0.09016357421875,0.0351580810546875
-1.9662595419847326,1.4906870229007634,-12.639312977099237,-1.2888665771484376,0.07844482421875,-0.4003887939453125
13.308549618320612,-25.42534351145038,-23.891221374045802,-0.6023431396484376,-0.22331298828125,-0.0368634033203125
-42.74488549618321,28.345648854961834,26.727099236641223,-0.8059564208984376,0.02546630859375,-0.4313946533203125
-61.218167938931295,13.009770992366413,-28.532442748091604,-0.6621575927734376,-0.20573486328125,-0.6064434814453125
26.17114503816794,-9.829923664122138,-41.295801526717554,-1.4653802490234376,-0.0026098632812500003,0.2849139404296875
-21.851755725190838,-20.700152671755724,13.467557251908397,-1.7158685302734376,-0.09172119140625,-0.6303692626953125
-44.8593893129771,-34.188702290076336,-33.295801526717554,-0.5483880615234376,-0.04069580078125,-0.13354309082031252
0.5604580152671756,44.7654961832061,4.093511450381679,-0.5337396240234376,0.11286865234375,-0.3269024658203125
2.9116030534351145,-3.7154198473282443,-18.76145038167939,-0.9573236083984376,0.32429443359375,-0.5688458251953125
22.31618320610687,8.826564885496182,16.979007633587788,-0.8247552490234376,0.52741943359375,-0.2526837158203125
72.11770992366412,9.505954198473281,-12.051526717557252,-0.9395013427734376,-0.05729736328125,-0.3344708251953125
78.01847328244276,-16.272671755725188,-17.150763358778626,-0.7891107177734376,-0.05876220703125,-0.21215637207031252
112.64442748091604,21.460152671755726,16.345419847328245,-0.8249993896484376,-0.03801025390625,-0.3974591064453125
94.2551145038168,10.276946564885495,11.330152671755725,-1.0789056396484376,0.06208740234375,-0.3029766845703125
164.75893129770992,35.66625954198473,-0.517175572519084,-0.9619622802734376,-0.36100830078125,-0.3601055908203125
104.01083969465648,-19.005496183206105,40.024809160305345,-0.9473138427734376,0.02644287109375,-0.23998840332031252
73.15587786259542,-18.349007633587785,24.208015267175572,-0.8032708740234376,0.03425537109375,-0.13842590332031252
89.75129770992366,12.87236641221374,18.375954198473284,-0.7419915771484376,0.13239990234375,-0.3227520751953125
83.80473282442748,19.307480916030535,20.643129770992367,-0.9158197021484376,0.35334716796875,-0.2902813720703125
65.69022900763359,-18.7612213740458,33.89503816793893,-1.2600579833984376,0.02156005859375,0.0292987060546875
124.68259541984733,-3.6314503816793895,5.620229007633588,-0.9773431396484376,-0.16423095703125,-0.1225567626953125
133.50702290076333,2.9181679389312976,12.490458015267176,-0.8997064208984376,0.05720458984375,-0.2641583251953125
81.2551145038168,2.956335877862595,25.78053435114504,-0.9709954833984376,0.07453857421875,-0.3327618408203125
81.06427480916031,21.467786259541985,22.7118320610687,-0.9224114990234376,0.15022216796875,-0.5673809814453125
73.55282442748091,5.750229007633588,-32.11259541984733,-1.0076165771484376,-0.40934814453125,0.13452331542968748
50.606259541984734,-9.181068702290077,37.69656488549618,-1.1052728271484376,0.21955810546875,-0.3066387939453125
32.61389312977099,-26.4024427480916,8.391221374045802,-0.7107415771484376,-0.09977783203125,-0.13207824707031252
34.62916030534351,6.093740458015267,6.261450381679389,-0.4858880615234375,0.04963623046875,-0.17626770019531252
16.20167938931298,12.605190839694655,6.307251908396947,-0.8811517333984376,0.14973388671875,-0.2700177001953125
13.079541984732826,-16.478778625954195,20.383587786259543,-1.5444818115234376,-0.48210205078125,0.16040222167968748
51.05664122137404,35.78839694656488,40.07824427480916,-1.6174798583984376,0.39094482421875,-0.5112286376953125
31.1406106870229,-18.43297709923664,-19.28053435114504,-1.0066400146484376,0.03132568359375,-0.2561016845703125
25.094809160305346,-22.90625954198473,-7.601145038167939,-0.5898919677734376,0.05793701171875,-0.1206036376953125
-15.309770992366412,-7.639083969465649,28.177480916030536,-0.4209466552734375,0.16706787109375,-0.19604309082031252
-40.69908396946565,-31.21923664122137,-19.91412213740458,-0.8591790771484376,-0.09025634765625,-0.2802716064453125
-19.02732824427481,25.01740458015267,-3.8759541984732824,-1.9829583740234376,-0.07341064453125,-0.2832012939453125
15.377251908396946,-7.921526717557252,8.91793893129771,-1.3164544677734376,0.26594482421875,-0.3381329345703125
-16.99679389312977,-16.036030534351145,-28.578244274809162,-0.4141107177734375,-0.08952392578125,0.0466326904296875
2.0108396946564886,28.834198473282445,-4.25,-0.5342279052734376,-0.07951416015625,-0.21996887207031252
1.0795419847328245,-1.3566412213740457,-6.776717557251908,-0.9211907958984376,-0.06584228515625,-0.16015441894531252
20.804732824427482,17.109007633587787,35.80343511450382,-1.7439447021484376,-0.08903564453125,-0.4233380126953125
-6.859389312977099,-15.29557251908397,-20.807251908396946,-1.1033197021484376,0.08625732421875,-0.2973614501953125
20.705496183206108,-31.69251908396947,-24.814885496183205,-0.5623040771484376,-0.16886962890625,0.0351580810546875
29.78946564885496,23.803664122137405,31.452290076335878,-0.4092279052734375,0.00691162109375,-0.3068829345703125
-33.84412213740458,9.185343511450382,-26.959923664122137,-0.9722161865234376,-0.04997314453125,-0.3478985595703125
-19.126564885496183,5.101374045801527,4.3683206106870225,-1.6406732177734376,-0.08293212890625,0.0307635498046875
21.560458015267177,5.620458015267175,6.841603053435114,-1.3093743896484376,0.28645263671875,-0.5371075439453125
7.4535877862595425,-44.18106870229008,-18.845419847328245,-0.3013177490234375,0.01472412109375,0.14233581542968748
-4.9815267175572515,9.582290076335878,-0.8606870229007634,-0.5679193115234376,-0.0001684570312500003,-0.0566387939453125
48.02610687022901,15.597557251908396,22.23854961832061,-0.8259759521484376,0.13215576171875,-0.4777813720703125
26.46885496183206,-1.7917557251908396,36.69656488549618,-1.4976068115234376,-0.35514892578125,-0.4089337158203125
2.354351145038168,-23.41770992366412,-18.318702290076335,-1.0776849365234376,0.13923583984375,-0.3010235595703125
-15.454809160305343,-20.707786259541983,-16.463740458015266,-0.6707025146484376,0.00447021484375,-0.17870910644531252
-11.141832061068701,4.7120610687022895,7.658396946564886,-0.3398919677734375,-0.24211181640625,-0.0769024658203125
-60.401374045801525,-5.776488549618321,3.7118320610687023,-0.9702630615234376,-0.10881103515625,-0.3688946533203125
-12.867022900763358,19.834198473282445,4.276717557251908,-1.4487786865234376,0.04890380859375,-0.15698059082031252
19.97267175572519,4.628091603053435,-4.043893129770993,-1.3931146240234376,0.16828857421875,-0.5366192626953125
0.4535877862595421,-41.07419847328244,-13.654580152671755,-0.3801751708984375,0.08503662109375,0.0471209716796875
5.83526717557252,-12.11236641221374,0.8110687022900763,-0.6157708740234376,-0.05656494140625,-0.0358868408203125
60.789465648854964,8.429618320610686,6.788167938931298,-0.9248529052734376,0.17781005859375,-0.5363751220703125
23.01083969465649,-11.47114503816794,42.979007633587784,-2.0085931396484376,-0.21574462890625,-0.4653302001953125
-9.622748091603054,-9.196335877862596,-16.07442748091603,-1.1138177490234376,0.03572021484375,-0.2893048095703125
1.6291603053435115,-25.509312977099235,-23.72328244274809,-0.5251947021484376,-0.05754150390625,-0.0815411376953125
-11.126564885496183,33.307480916030535,11.986641221374045,-0.4512200927734375,0.02375732421875,-0.5122052001953125
-9.363206106870228,-18.516946564885494,-11.914122137404581,-0.7046380615234376,-0.07511962890625,-0.0353985595703125
-15.867022900763358,23.918167938931298,-5.356870229007634,-1.8606439208984376,0.00886474609375,-0.4841290283203125
21.438320610687022,-4.5245801526717555,-4.776717557251908,-1.2297845458984376,0.35920654296875,-0.3937969970703125
-5.5464122137404575,-34.4024427480916,-27.42557251908397,-0.3247552490234375,0.01692138671875,0.0268572998046875
-15.515877862595419,26.12427480916031,-14.173664122137405,-0.7554193115234376,-0.03874267578125,-0.1071759033203125
31.300916030534353,11.338015267175573,18.452290076335878,-0.6831536865234376,0.44416748046875,-0.5246563720703125
34.01847328244275,22.154809160305344,28.612595419847327,-2.0085931396484376,0.09529052734375,-0.7463360595703125
0.3238167938931299,-19.98259541984733,-8.937022900763358,-1.0842767333984376,-0.08635009765625,-0.13720520019531252
15.881068702290078,-31.68488549618321,-13.42557251908397,-0.5569329833984376,-0.04777587890625,-0.0900860595703125
7.766564885496184,15.452519083969465,14.490458015267176,-0.5193353271484376,-0.09758056640625,-0.2626934814453125
-9.691450381679388,-31.287938931297713,4.833969465648855,-0.6826654052734376,-0.22575439453125,-0.0566387939453125
5.087175572519085,12.185343511450382,-3.219465648854962,-2.0085931396484376,-0.06657470703125,-0.4108868408203125
9.934503816793894,-10.020763358778627,3.0553435114503817,-0.9524407958984376,0.19831787109375,-0.2514630126953125
-5.714351145038167,-28.616183206106868,-28.43320610687023,-0.4634271240234375,-0.01628173828125,-0.0620098876953125
4.9039694656488555,27.39908396946565,0.06297709923664122,-0.6204095458984376,0.01545654296875,-0.19994934082031252
17.66732824427481,-13.165801526717557,2.6202290076335877,-0.6304193115234376,0.27522216796875,-0.20092590332031252
13.728396946564885,16.05557251908397,22.551526717557252,-1.8457513427734376,0.22663818359375,-0.4711895751953125
8.255114503816795,-10.532213740458015,-14.272900763358779,-0.9766107177734376,-0.20060791015625,-0.18139465332031252
21.20167938931298,-32.616183206106875,-16.9293893129771,-0.7268548583984376,-0.05290283203125,-0.18432434082031252
-10.592213740458014,2.8723664122137404,23.108778625954198,-0.6243157958984376,-0.05656494140625,-0.17333801269531252
-47.98152671755725,-28.57038167938931,-0.23473282442748092,-0.7312493896484376,-0.12492431640625,-0.23901184082031252
-47.714351145038165,21.605190839694657,-30.181297709923665,-1.3252435302734376,-0.01310791015625,0.0627459716796875
28.621526717557252,10.02503816793893,0.833969465648855,-1.2588372802734376,0.02326904296875,-0.3950177001953125
-9.49297709923664,-25.127633587786256,-8.654580152671755,-0.6328607177734376,0.15974365234375,-0.12890441894531252
-13.653282442748091,-8.78412213740458,-14.868320610687023,-0.1274896240234375,-0.08512939453125,-0.004636840820312502
31.36198473282443,-5.929160305343512,10.208015267175572,-0.6404290771484376,-0.09538330078125,-0.4011212158203125
37.903969465648856,7.231145038167939,30.704198473282442,-1.6372552490234376,0.14070068359375,-0.3393536376953125
-13.783053435114503,-17.501679389312976,-28.10496183206107,-1.0854974365234376,0.00764404296875,-0.1191387939453125
34.98030534351145,-14.807022900763359,-16.2118320610687,-0.5840325927734376,-0.04264892578125,-0.0527325439453125
4.041374045801527,20.43725190839695,16.57442748091603,-0.5569329833984376,-0.25041259765625,-0.19946105957031252
-5.386106870229007,-26.394809160305343,24.62786259541985,-1.1689935302734376,-0.10392822265625,-0.3127423095703125
7.865801526717558,26.880000000000003,-17.21946564885496,-1.5127435302734376,-0.26091064453125,-0.0939923095703125
31.8581679389313,5.567022900763359,9.719465648854962,-1.3550286865234376,0.15974365234375,-0.5261212158203125
-0.05022900763358767,-34.807022900763364,-13.41030534351145,-0.5398431396484376,0.01740966796875,0.0747088623046875
53.63679389312977,24.811297709923664,-5.311068702290076,-0.5762200927734376,0.01081787109375,-0.3496075439453125
80.67496183206107,-4.1810687022900765,5.41412213740458,-1.0293450927734376,-0.09635986328125,-0.4826641845703125
67.48412213740458,-29.272671755725188,59.284351145038165,-1.6550775146484376,-0.37541259765625,0.2863787841796875
85.07190839694657,20.666259541984733,6.566793893129771,-1.2593255615234376,-0.16667236328125,-0.24999816894531252
152.43068702290074,-11.341374045801526,-0.6851145038167938,-0.7754388427734376,-0.14958251953125,-0.18017395019531252
147.25511450381677,14.02503816793893,14.162213740458014,-0.7302728271484376,0.02522216796875,-0.3151837158203125
82.84290076335878,-3.2955725190839695,18.56679389312977,-0.7886224365234376,0.14582763671875,-0.4497052001953125
112.22458015267176,-51.13526717557252,1.7729007633587786,-1.1851068115234376,0.08479248046875,0.5688494873046875
125.01847328244276,-14.051297709923665,50.98664122137404,-1.2200189208984376,0.21955810546875,-0.3237286376953125
79.61389312977099,-31.287938931297713,15.849236641221374,-0.6211419677734376,0.01032958984375,-0.1110821533203125
77.85053435114504,-6.242137404580153,22.841603053435115,-0.8596673583984376,0.19197021484375,-0.24706848144531252
52.919236641221374,-11.814656488549618,12.666030534351146,-0.8108392333984376,0.23640380859375,-0.3037091064453125
38.537557251908396,8.330381679389312,2.322519083969466,-0.8982415771484376,0.24153076171875,-0.3579083251953125
52.05664122137404,-13.707786259541985,25.482824427480917,-1.3784661865234376,0.20344482421875,0.0488299560546875
89.55282442748091,3.1548091603053434,-5.127862595419847,-1.0447259521484376,-0.10099853515625,-0.13305480957031252
75.86580152671756,-3.8451908396946566,-1.4484732824427482,-0.8433099365234376,0.04475341796875,-0.14794738769531252
70.26274809160306,17.513587786259542,10.490458015267176,-0.5854974365234376,0.0030053710937499997,-0.24926574707031252
53.285648854961835,24.811297709923664,32.24618320610687,-0.9043450927734376,0.02986083984375,-0.3002911376953125
41.18641221374046,-6.043664122137405,10.162213740458014,-0.8252435302734376,0.07527099609375,-0.16259582519531252
2.736030534351145,59.87236641221374,-9.150763358778626,-1.5259271240234376,0.23005615234375,-0.3110333251953125
20.82763358778626,3.6967938931297706,1.032442748091603,-1.0366693115234376,0.08601318359375,-0.17553527832031252
6.590992366412214,-25.92152671755725,-14.257633587786259,-0.6440911865234376,0.04621826171875,-0.1181622314453125
7.850534351145039,22.452519083969467,-7.998091603053435,-0.5425286865234376,0.18635498046875,-0.3574200439453125
20.35435114503817,0.16244274809160306,-5.8606870229007635,-0.6777825927734376,0.11238037109375,-0.17187316894531252
28.094809160305346,3.666259541984733,41.666030534351144,-1.0430169677734376,0.22663818359375,0.0683612060546875
-19.431908396946564,-5.7383206106870235,-4.990458015267175,-1.1733880615234376,-0.00798095703125,-0.2634259033203125
3.468854961832061,-23.98259541984733,-19.456106870229007,-0.7686029052734376,-0.05607666015625,-0.18725402832031252
-27.386106870229007,7.177709923664122,10.696564885496183,-0.7246575927734376,0.01570068359375,-0.3320294189453125
-38.767786259541985,18.2387786259542,13.414122137404581,-0.9094720458984376,0.04890380859375,-0.3923321533203125
-10.515877862595419,-0.8146564885496184,-14.937022900763358,-0.7378411865234376,-0.13493408203125,-0.16967590332031252
-26.83648854961832,31.84946564885496,-6.7461832061068705,-1.5908685302734376,0.09406982421875,-0.2971173095703125
17.071908396946565,15.04793893129771,4.841603053435114,-1.1777825927734376,0.06672607421875,-0.3630352783203125
7.606259541984733,-23.829923664122134,-15.639312977099237,-0.6479974365234376,0.07209716796875,-0.16210754394531252
15.1787786259542,13.109007633587787,-3.486641221374046,-0.5903802490234376,0.11115966796875,-0.24999816894531252
14.949770992366412,-0.058931297709923655,0.23091603053435114,-0.8535638427734376,0.14924560546875,-0.3256817626953125
-9.50824427480916,-44.28793893129771,28.39885496183206,-1.5012689208984376,-0.24040283203125,0.24438659667968748
13.99557251908397,14.5593893129771,12.215648854961833,-1.5281243896484376,0.15852294921875,-0.5998516845703125
10.285648854961833,-17.539847328244274,-21.63167938931298,-0.8613763427734376,7.568359374999969e-05,-0.23339660644531252
0.14824427480916041,-19.005496183206105,-6.738549618320611,-0.6436029052734376,0.04792724609375,-0.1125469970703125
4.087175572519085,-0.18106870229007632,-0.5629770992366412,-0.5579095458984376,0.03181396484375,-0.3647442626953125
-20.042595419847327,2.6280916030534347,-12.173664122137405,-0.7891107177734376,-0.03947509765625,-0.3454571533203125
-56.68381679389313,19.88763358778626,-31.204198473282442,-1.3748040771484376,0.02009521484375,-0.13964660644531252
27.957404580152673,29.86473282442748,-8.166030534351146,-1.3069329833984376,0.02180419921875,-0.4462872314453125
16.33145038167939,-29.692519083969465,-8.028625954198473,-0.6482415771484376,0.09968505859375,-0.1184063720703125
19.568091603053436,9.788396946564886,-9.173664122137405,-0.5498529052734376,0.07746826171875,-0.3823223876953125
14.125343511450382,7.666259541984733,-4.028625954198473,-0.8477044677734376,0.04524169921875,-0.3674298095703125
-5.767786259541984,-48.20396946564885,39.81106870229008,-1.1428704833984376,-0.24089111328125,0.20312683105468748
5.774198473282444,47.307480916030535,12.742366412213741,-1.5298333740234376,0.29572998046875,-0.6813946533203125
2.018473282442748,-13.883358778625954,-31.41030534351145,-0.8755364990234376,-0.05485595703125,-0.19482238769531252
-18.905190839694654,-22.188702290076336,-3.318702290076336,-0.6819329833984376,0.03303466796875,-0.17040832519531252
1.0642748091603054,7.528854961832061,-1.967557251908397,-0.5317864990234376,-0.11027587890625,-0.2734356689453125
3.911603053435115,11.116641221374046,-7.158396946564886,-0.6636224365234376,0.07893310546875,-0.24438293457031252
-13.85175572519084,33.83419847328244,-3.517175572519084,-1.6016107177734376,0.03474365234375,-0.3261700439453125
32.30854961832061,7.582290076335878,1.2232824427480915,-1.2700677490234376,0.10676513671875,-0.3413067626953125
1.774198473282443,-38.59328244274809,-6.6393129770992365,-0.5847650146484376,0.14997802734375,-0.0261212158203125
3.2016793893129774,-8.501679389312978,-9.601145038167939,-0.6187005615234376,0.03718505859375,-0.13329895019531252
31.033740458015266,-5.226870229007634,12.414122137404581,-0.8162103271484376,0.29231201171875,-0.3020001220703125
0.8047328244274811,-23.26503816793893,41.23854961832061,-1.0820794677734376,0.00691162109375,0.3032244873046875
-4.905190839694656,19.73496183206107,-5.020992366412214,-1.3013177490234376,0.15217529296875,-0.2893048095703125
0.003206106870229129,-18.868091603053433,-17.463740458015266,-0.7329583740234376,-0.09855712890625,-0.1210919189453125
21.445954198473284,-4.478778625954199,17.24618320610687,-0.3528314208984375,0.0017846679687499997,-0.19360168457031252
-2.332671755725191,-7.150534351145039,-7.685114503816794,-0.4458489990234375,0.19416748046875,-0.1201153564453125
-6.271603053435114,-2.3490076335877865,-6.700381679389313,-1.4084954833984376,-0.10246337890625,-0.1147442626953125
21.728396946564885,-1.1123664122137404,12.92557251908397,-1.2961907958984376,0.18977294921875,-0.3879376220703125
-15.950992366412214,-36.562748091603055,-13.066793893129772,-0.5193353271484376,0.07307373046875,-0.0209942626953125
-23.050229007633586,3.6051908396946564,-4.2041984732824424,-0.6062493896484376,0.08796630859375,-0.15087707519531252
31.66732824427481,-3.333740458015267,19.650763358778626,-0.5666986083984376,-0.02629150390625,-0.3134747314453125
32.774198473282446,5.628091603053435,40.04770992366412,-0.8884759521484376,0.10310302734375,0.0822772216796875
-27.309770992366413,18.21587786259542,-8.860687022900763,-1.5217767333984376,0.09284912109375,-0.4028302001953125
-0.17999999999999988,-30.341374045801526,-35.341603053435115,-0.6565423583984376,-0.09806884765625,-0.12963684082031252
7.285648854961833,-3.3795419847328247,1.1240458015267176,-0.3113275146484375,0.07429443359375,-0.2990704345703125
-45.80595419847328,3.4143511450381676,-18.24236641221374,-0.8386712646484376,-0.08366455078125,-0.2990704345703125
-21.8593893129771,31.460152671755722,-31.74618320610687,-1.1624017333984376,-0.00407470703125,-0.1054669189453125
23.270381679389313,21.39145038167939,-5.0820610687022905,-1.3557611083984376,-0.04460205078125,-0.4118634033203125
-3.9815267175572515,-32.21923664122138,-7.616412213740458,-0.6106439208984376,0.18391357421875,-0.14892395019531252
-6.729618320610687,0.6738931297709924,-1.4026717557251909,-0.5330072021484376,-0.06242431640625,-0.19286926269531252
33.43068702290076,13.261679389312977,10.658396946564885,-0.7100091552734376,0.26496826171875,-0.3710919189453125
20.949770992366414,33.46015267175572,20.39885496183206,-1.3691888427734376,0.33674560546875,-0.3564434814453125
-8.103664122137404,-5.432977099236641,-6.494274809160306,-1.3794427490234376,0.06452880859375,-0.4143048095703125
11.545190839694657,-21.532213740458015,-14.540076335877863,-0.6533685302734376,-0.15837158203125,-0.1103497314453125
15.33145038167939,9.979236641221373,15.383587786259541,-0.5869622802734376,-0.12541259765625,-0.3376446533203125
-26.042595419847327,-9.585648854961832,-15.471374045801527,-0.6343255615234376,-0.11222900390625,-0.2976055908203125
4.400152671755726,27.116641221374046,-1.0438931297709924,-1.3730950927734376,0.06428466796875,-0.3027325439453125
50.61389312977099,11.246412213740458,3.704198473282443,-1.2400384521484376,0.15510498046875,-0.5058575439453125
