16.01847328244275,-5.79175572519084,-13.74618320610687,-0.5896478271484376,-0.10832275390625,-0.0693341064453125
21.20167938931298,6.009770992366412,-4.830152671755725,-1.0449700927734376,0.02424560546875,-0.2600079345703125
-12.088396946564885,37.29221374045801,-17.616412213740457,-0.8606439208984376,0.51545654296875,-0.18334777832031252
-17.263969465648856,13.605190839694655,28.803435114503817,-1.1172357177734376,0.20197998046875,-0.1027813720703125
-30.86702290076336,-5.868091603053435,14.452290076335878,-0.8372064208984376,0.01911865234375,-0.21728332519531252
-28.271603053435115,-9.371908396946566,4.467557251908397,-0.6565423583984376,-0.07731689453125,0.0839862060546875
17.04137404580153,-14.593282442748091,13.635496183206106,-1.0952630615234376,0.16438232421875,-0.3303204345703125
42.972671755725194,-61.8375572519084,-5.700381679389313,-0.8989739990234376,0.21345458984375,-0.1164532470703125
19.66732824427481,5.834198473282442,-12.90648854961832,-1.0361810302734376,-0.10929931640625,-0.0400372314453125
4.7970992366412215,10.185343511450382,-23.883587786259543,-0.7480950927734376,-0.02604736328125,-0.14941223144531252
5.652061068702291,-10.089465648854961,-8.11259541984733,-0.7329583740234376,-0.24137939453125,0.007570190429687498
-2.7830534351145038,-10.883358778625954,0.6049618320610687,-1.1101556396484376,0.14607177734375,-0.3623028564453125
-9.462442748091602,-23.26503816793893,5.375954198473282,-1.3193841552734376,0.17854248046875,0.14648620605468748
-21.1418320610687,8.124274809160305,18.22328244274809,-1.0505853271484376,-0.01261962890625,-0.0012188720703125017
-49.96625954198473,0.7731297709923665,19.02480916030534,-0.8486810302734376,-0.13957275390625,-0.0903302001953125
-55.645648854961834,-9.463511450381679,8.07824427480916,-0.6533685302734376,-0.05534423828125,0.0771502685546875
1.4841221374045803,-21.868091603053433,4.040076335877862,-1.1409173583984376,-0.00505126953125,-0.3947735595703125
14.415419847328245,-53.14290076335878,8.452290076335878,-1.4416986083984376,-0.26945556640625,0.0441912841796875
24.04137404580153,-11.173435114503818,-12.883587786259541,-1.1243157958984376,-0.14909423828125,-0.14477355957031252
-2.9357251908396944,9.421984732824427,-30.40267175572519,-0.6118646240234376,0.06355224609375,-0.1115704345703125
2.636793893129771,9.879999999999999,-18.356870229007633,-0.6755853271484376,-0.25651611328125,0.0324725341796875
3.7512977099236644,-3.1505343511450383,-7.356870229007634,-1.1436029052734376,-0.06803955078125,-0.3823223876953125
-21.256335877862593,22.08610687022901,-7.364503816793893,-1.1782708740234376,0.16902099609375,0.14380065917968748
8.094809160305344,3.979236641221374,11.849236641221374,-1.1492181396484376,0.14753662109375,0.0415057373046875
-15.897557251908397,1.414351145038168,25.146946564885496,-0.7734857177734376,0.03694091796875,-0.0227032470703125
-35.20290076335878,-7.104732824427481,7.75763358778626,-0.5754876708984376,0.06037841796875,-0.21508605957031252
12.50702290076336,-12.203969465648855,-3.5400763358778624,-1.0620599365234376,0.01545654296875,-0.3308087158203125
-16.057862595419845,-12.95206106870229,-24.08206106870229,-0.9138665771484376,0.16584716796875,0.1142596435546875
-1.111297709923664,26.452519083969467,-13.982824427480915,-0.9451165771484376,-0.16276611328125,-0.010984497070312502
-12.118931297709922,1.414351145038168,-14.11259541984733,-0.5986810302734376,-0.07829345703125,-0.0593243408203125
10.423053435114504,4.658625954198473,-4.288167938931298,-0.8647943115234376,-0.12638916015625,-0.20190246582031252
32.278015267175576,1.9410687022900763,5.101145038167939,-1.1396966552734376,-0.18766845703125,-0.2863751220703125
27.67496183206107,28.376183206106873,-17.501908396946565,-1.4443841552734376,-0.10881103515625,-0.21630676269531252
24.63679389312977,6.170076335877862,15.650763358778626,-1.1572747802734376,0.01570068359375,0.0444354248046875
17.079541984732824,6.269312977099236,15.772900763358779,-0.8313470458984376,0.00520263671875,-0.20361145019531252
-16.790687022900762,-13.539847328244274,4.5896946564885495,-0.6550775146484376,0.03767333984375,-0.0305157470703125
27.552824427480918,2.643358778625954,0.9408396946564885,-0.9868646240234376,0.15071044921875,-0.3083477783203125
20.102442748091605,-8.600916030534352,0.9026717557251909,-0.9604974365234376,0.12800537109375,-0.0610333251953125
-6.706717557251908,0.7273282442748091,-0.33396946564885494,-0.9834466552734376,-0.12004150390625,0.0275897216796875
0.36961832061068717,4.910534351145038,-5.6316793893129775,-0.8452630615234376,-0.09660400390625,-0.0749493408203125
12.583358778625955,-9.61618320610687,-13.692748091603054,-0.7146478271484376,-0.11808837890625,-0.0561505126953125
26.34671755725191,-2.509312977099237,-4.173664122137405,-1.1235833740234376,0.04475341796875,-0.3391094970703125
2.590992366412214,-15.715419847328242,5.902671755725191,-1.3074212646484376,0.11506591796875,0.2773455810546875
29.445954198473284,-0.11236641221374045,19.314885496183205,-1.0049310302734376,0.0025170898437499997,0.0942401123046875
-21.088396946564885,2.292213740458015,25.658396946564885,-0.9004388427734376,-0.06266845703125,-0.0290509033203125
-24.447175572519082,-27.234503816793893,6.322519083969466,-0.6296868896484376,0.02986083984375,-0.0559063720703125
2.1024427480916033,-4.707786259541985,3.5591603053435112,-1.0518060302734376,0.06989990234375,-0.2592755126953125
11.781832061068704,18.223511450381682,-7.799618320610687,-1.3430657958984376,0.20808349609375,-0.3037091064453125
-37.43190839694656,6.582290076335878,-7.9751908396946565,-0.9775872802734376,0.10993896484375,0.0908221435546875
-8.912824427480915,2.0555725190839693,-1.868320610687023,-0.9497552490234376,-0.03678955078125,0.0705584716796875
-15.83648854961832,-0.6772519083969466,-15.982824427480915,-0.7278314208984376,-0.10954345703125,-0.1159649658203125
7.1329770992366415,0.9029007633587787,-5.624045801526718,-0.6711907958984376,-0.09416259765625,-0.0617657470703125
3.789465648854962,-1.7154198473282443,-12.814885496183207,-1.1909661865234376,0.07917724609375,-0.3022442626953125
-29.920458015267176,26.57465648854962,-27.05916030534351,-1.3542962646484376,0.07868896484375,-0.0737286376953125
21.049007633587788,8.467786259541985,4.398854961832061,-1.0012689208984376,0.03059326171875,0.0551776123046875
-11.225801526717557,-15.081832061068702,11.826335877862595,-0.8743157958984376,0.03108154296875,-0.0373516845703125
-15.744885496183205,-9.990229007633587,13.513358778625955,-0.6296868896484376,0.12971435546875,-0.13867004394531252
-10.599847328244275,-1.5780152671755725,0.43702290076335876,-1.1956048583984376,0.11872802734375,-0.5546856689453125
-63.645648854961834,0.6662595419847328,21.177480916030536,-1.4360833740234376,-0.26774658203125,-0.24120910644531252
-39.767786259541985,0.5059541984732825,-1.7767175572519085,-0.8926263427734376,-0.23210205078125,-0.1081524658203125
-59.225801526717554,8.35328244274809,-4.646946564885496,-0.9375482177734376,0.02302490234375,-0.24535949707031252
-64.97389312977099,-2.578015267175573,-9.624045801526718,-0.6924310302734376,-0.07853759765625,-0.0532208251953125
-29.82885496183206,-5.089465648854962,4.490458015267175,-0.9106927490234376,-0.00651611328125,-0.2780743408203125
-78.2181679389313,2.3685496183206105,0.5209923664122137,-0.8176751708984376,0.09992919921875,-0.3835430908203125
-87.32503816793893,-9.158167938931298,-14.494274809160306,-1.5745111083984376,-0.06877197265625,0.3745135498046875
-151.30977099236642,-2.5169465648854965,-2.799618320610687,-1.0715814208984376,0.16780029296875,-0.14184387207031252
-202.92809160305345,19.154809160305344,-26.822519083969464,-0.9116693115234376,0.06916748046875,-0.3020001220703125
-141.6685496183206,13.948702290076335,-11.570610687022901,-1.0142083740234376,-0.23600830078125,-0.3928204345703125
-137.28687022900763,-16.852824427480915,-8.853053435114504,-0.9326654052734376,0.03938232421875,-0.3442364501953125
-142.35557251908398,13.803664122137404,-27.463740458015266,-1.0122552490234376,0.20271240234375,-0.5214825439453125
-128.55404580152674,-18.707786259541983,-19.921755725190838,-0.9292474365234376,-0.17765869140625,-0.18603332519531252
-43.20290076335878,-20.036030534351145,-1.6011450381679388,-0.9065423583984376,-0.29557861328125,-0.013425903320312502
-77.86702290076336,-10.97496183206107,-12.998091603053435,-0.8306146240234376,-0.29118408203125,-0.011228637695312502
-20.882290076335877,-0.34900763358778625,-10.272900763358779,-0.7473626708984376,-0.24675048828125,-0.1054669189453125
0.7207633587786261,13.414351145038168,-7.608778625954199,-1.1033197021484376,-0.12687744140625,-0.2749005126953125
20.797099236641223,5.124274809160305,8.185114503816793,-1.2539544677734376,-0.41740478515625,0.0427264404296875
17.644427480916033,8.803664122137404,17.994274809160306,-1.1128411865234376,-0.17131103515625,0.19043151855468748
-5.073129770992366,4.063206106870229,23.43702290076336,-0.9929681396484376,-0.17472900390625,0.011476440429687498
-19.02732824427481,-16.142900763358778,10.627862595419847,-0.6553216552734376,0.06916748046875,0.0329608154296875
9.071908396946565,-20.616183206106868,3.963740458015267,-0.9561029052734376,0.05110107421875,-0.21508605957031252
18.00320610687023,-36.21923664122138,13.90267175572519,-1.4187493896484376,-0.23893798828125,0.0297869873046875
-4.088396946564885,2.1166412213740458,1.0095419847328244,-1.1572747802734376,-0.11979736328125,0.0720233154296875
-13.042595419847327,21.811297709923664,-17.959923664122137,-0.7075677490234376,-0.00480712890625,-0.0451641845703125
0.6138931297709925,4.055572519083969,4.162213740458015,-0.5815911865234376,-0.16618408203125,0.0625018310546875
14.041374045801527,4.528854961832061,-6.479007633587786,-1.1821771240234376,0.19099365234375,-0.3637677001953125
-16.821221374045802,-0.9749618320610687,-5.1965648854961835,-1.3552728271484376,0.11994873046875,-0.1125469970703125
27.529923664122137,8.505954198473281,-1.9599236641221374,-1.0801263427734376,-0.22135986328125,0.0339373779296875
16.82,2.742595419847328,26.314885496183205,-0.9285150146484376,-0.01188720703125,-0.1159649658203125
8.033740458015268,-26.211603053435113,11.459923664122137,-0.5483880615234376,0.08235107421875,-0.0649395751953125
4.369618320610687,-17.814656488549616,3.5209923664122136,-0.9753900146484376,0.11579833984375,-0.23388488769531252
-16.721984732824428,3.4830534351145035,-7.349236641221374,-1.3845697021484376,-0.02043212890625,-0.0195294189453125
-29.424274809160305,-3.410076335877863,-9.76908396946565,-1.2195306396484376,-0.15641845703125,0.16235534667968748
1.9955725190839695,14.06320610687023,-16.25,-0.8335443115234376,-0.08195556640625,0.0266131591796875
1.7512977099236642,8.71969465648855,-22.265267175572518,-0.5247064208984376,-0.13371337890625,-0.013181762695312502
12.461221374045802,12.73496183206107,11.169847328244275,-1.0232415771484376,0.07185302734375,-0.3151837158203125
-0.7372519083969464,-1.471145038167939,-0.8454198473282443,-1.0337396240234376,0.02009521484375,-0.3339825439453125
-6.9815267175572515,18.002137404580154,-18.654580152671755,-1.5046868896484376,-0.42424072265625,-0.0834942626953125
20.54519083969466,2.261679389312977,26.75763358778626,-1.0369134521484376,-0.00553955078125,-0.0759259033203125
-3.4013740458015267,-11.028396946564886,27.536259541984734,-0.6118646240234376,-0.00505126953125,-0.0742169189453125
9.65206106870229,-2.8986259541984736,21.27671755725191,-0.5964837646484376,0.04328857421875,-0.0576153564453125
20.339083969465648,-13.61618320610687,3.4293893129770994,-1.1660638427734376,0.06697021484375,-0.3508282470703125
-16.45480916030534,-10.326106870229008,14.704198473282442,-1.7859368896484376,-0.09367431640625,-0.20483215332031252
-21.84412213740458,-5.249770992366412,-5.25,-1.1091790771484376,-0.14469970703125,0.0546893310546875
24.522290076335878,4.437251908396946,-26.791984732824428,-0.6233392333984376,-0.09172119140625,-0.0310040283203125
25.957404580152673,-4.982595419847328,-1.6622137404580153,-0.6284661865234376,-0.15690673828125,-0.0192852783203125
11.415419847328245,-0.570381679389313,-4.265267175572519,-1.1499505615234376,0.14900146484375,-0.3398419189453125
5.438320610687024,-2.639083969465649,2.780534351145038,-1.3398919677734376,-0.28752197265625,-0.20361145019531252
38.43832061068702,-1.3642748091603054,0.8187022900763359,-1.0200677490234376,-0.28678955078125,-0.0393048095703125
-20.355572519083967,-7.944427480916031,13.849236641221374,-0.9714837646484376,0.01716552734375,-0.1210919189453125
-22.729618320610687,-22.7230534351145,0.12404580152671756,-0.5615716552734376,-0.02629150390625,-0.0415020751953125
-23.2181679389313,-12.501679389312978,-2.4561068702290076,-1.1201654052734376,0.04377685546875,-0.17284973144531252
18.965038167938932,-3.341374045801527,-12.501908396946565,-1.0203118896484376,0.10847412109375,-0.3840313720703125
-25.554045801526716,-2.0665648854961836,-23.479007633587788,-1.0571771240234376,0.39948974609375,-0.1049786376953125
-27.52351145038168,5.7044274809160305,-7.906488549618321,-1.0544915771484376,-0.18376220703125,0.0285662841796875
9.247480916030534,18.77312977099237,-15.883587786259541,-0.7207513427734376,-0.06169189453125,-0.0549298095703125
4.6749618320610695,2.162442748091603,5.513358778625954,-0.7419915771484376,-0.12052978515625,-0.0847149658203125
6.942137404580153,2.0326717557251905,1.4599236641221374,-1.2305169677734376,0.11384521484375,-0.3974591064453125
15.743664122137405,-11.387175572519084,2.0400763358778624,-1.4897943115234376,-0.15202392578125,-0.0756817626953125
29.392519083969468,-17.87572519083969,-6.769083969465649,-0.8782220458984376,-0.29289306640625,0.0634783935546875
-12.882290076335877,1.9945038167938929,20.360687022900763,-0.9880853271484376,-0.03703369140625,-0.0942364501953125
-43.38610687022901,-3.7459541984732825,18.75,-0.6516595458984376,-0.09025634765625,1.8310546874983347e-06
1.6138931297709924,-4.913893129770993,5.673664122137405,-0.8596673583984376,0.03327880859375,-0.15698059082031252
32.361984732824425,-24.845190839694656,3.41412213740458,-1.1140618896484376,0.17341552734375,-0.3408184814453125
34.98793893129771,-30.242137404580152,-5.135496183206107,-0.9211907958984376,0.32966552734375,-0.18456848144531252
-8.325038167938931,-14.402442748091604,-2.318702290076336,-1.0713372802734376,-0.08439697265625,0.0659197998046875
11.613893129770993,20.78076335877863,-27.06679389312977,-0.5737786865234376,-0.12614501953125,-0.0270977783203125
23.12534351145038,11.948702290076335,3.185114503816794,-0.6946282958984376,-0.09001220703125,-0.0983868408203125
-8.813587786259541,4.009770992366412,-9.433206106870228,-1.1792474365234376,0.05940185546875,-0.3183575439453125
7.361984732824428,18.009770992366413,-17.196564885496183,-1.1970697021484376,-0.04411376953125,0.0502947998046875
23.934503816793892,3.3151145038167935,16.28435114503817,-1.1519036865234376,0.10310302734375,-0.0993634033203125
1.5528244274809162,-24.776488549618318,25.59732824427481,-0.4912591552734375,0.06428466796875,-0.0036602783203125017
-14.096030534351144,11.864732824427481,4.895038167938932,-0.8879876708984376,-0.04899658203125,-0.1086407470703125
23.46885496183206,-19.7230534351145,-5.91412213740458,-1.1755853271484376,0.13459716796875,-0.2893048095703125
-14.477709923664122,-13.135267175572519,-14.448473282442748,-1.1020989990234376,0.17707763671875,0.1091326904296875
-24.86702290076336,0.41435114503816795,-14.120229007633588,-0.9485345458984376,-0.06095947265625,0.007570190429687498
-31.080763358778626,8.742595419847328,-29.333969465648856,-0.5742669677734376,-0.05021728515625,0.004640502929687498
-15.958625954198473,10.261679389312977,8.58969465648855,-0.8914056396484376,-0.04045166015625,-0.2724591064453125
-25.096030534351144,0.6662595419847328,-3.204198473282443,-1.1074700927734376,-0.00822509765625,-0.3935528564453125
-34.32503816793893,-12.639083969465648,-15.166030534351146,-1.3247552490234376,-0.70988525390625,0.18261901855468748
-42.34793893129771,8.185343511450382,23.498091603053435,-1.0879388427734376,0.08161865234375,-0.14037902832031252
-67.99679389312978,-19.242137404580152,11.872137404580153,-0.6038079833984376,0.05866943359375,0.0883807373046875
-61.05786259541985,-12.814656488549618,19.24618320610687,-0.6987786865234376,0.03059326171875,-0.1091290283203125
-28.16473282442748,-32.59328244274809,2.8263358778625953,-1.0305657958984376,0.35969482421875,-0.3520489501953125
-63.66091603053435,33.742595419847326,5.276717557251908,-0.9490228271484376,-0.26530517578125,0.17114440917968748
-48.69145038167939,8.818931297709923,9.42175572519084,-0.9558587646484376,-0.20500244140625,0.1071795654296875
-71.2563358778626,16.521221374045805,-5.654580152671755,-0.8096185302734376,-0.06071533203125,-0.15844543457031252
-105.44717557251909,16.56702290076336,-20.97519083969466,-0.7012200927734376,-0.03141845703125,-0.00024230957031250167
-66.1036641221374,18.42198473282443,-9.433206106870228,-1.0430169677734376,-0.16203369140625,-0.2939434814453125
-101.13419847328244,24.345648854961834,12.826335877862595,-1.1614251708984376,-0.06266845703125,-0.3552227783203125
-115.66854961832061,38.15480916030534,-15.624045801526718,-1.0242181396484376,-0.30168212890625,-0.20947082519531252
-145.07312977099238,-13.562748091603053,-1.2958015267175573,-0.9053216552734376,-0.03068603515625,-0.17138488769531252
-176.4624427480916,-2.555114503816794,-16.181297709923665,-0.9221673583984376,-0.03556884765625,-0.2587872314453125
-102.3479389312977,14.948702290076335,-28.837786259541986,-0.7947259521484376,-0.19718994140625,-0.3647442626953125
-80.7830534351145,17.12427480916031,-30.59351145038168,-0.8159661865234376,-0.06633056640625,-0.2971173095703125
13.83526717557252,-27.707786259541983,-2.845419847328244,-0.2917962646484375,0.37531982421875,-0.3376446533203125
-40.56931297709924,9.773129770992366,-21.700381679389313,-0.8848138427734376,-0.21135009765625,-0.0227032470703125
-39.027328244274806,-7.700152671755726,-23.59351145038168,-0.8289056396484376,-0.13444580078125,-0.0646954345703125
-10.867022900763358,-3.1658015267175577,-3.204198473282443,-0.8750482177734376,-0.06584228515625,-0.16845520019531252
4.071908396946565,18.284580152671758,19.08587786259542,-0.8713861083984376,0.08772216796875,-0.3037091064453125
18.48412213740458,19.101374045801528,10.543893129770993,-1.0840325927734376,0.05573974609375,0.0239276123046875
5.613893129770993,-12.539847328244274,25.314885496183205,-1.1433587646484376,0.03620849609375,-0.0756817626953125
-21.615114503816795,-17.150534351145037,7.406488549618321,-0.7288079833984376,0.02278076171875,-0.1027813720703125
-24.561679389312978,-12.93679389312977,2.467557251908397,-1.0103021240234376,0.06477294921875,-0.24633605957031252
-18.569312977099237,-3.12,-8.509541984732824,-1.1592279052734376,0.15119873046875,-0.19116027832031252
-41.592213740458014,-13.097099236641222,-20.822519083969464,-1.1526361083984376,0.03547607421875,0.20385925292968748
-35.24106870229008,12.223511450381679,-14.59351145038168,-0.9148431396484376,-0.11320556640625,0.0173358154296875
-19.18,14.979236641221373,-22.08969465648855,-0.6753411865234376,-0.14616455078125,-0.0810528564453125
9.797099236641222,2.353282442748091,-3.9751908396946565,-0.7922845458984376,-0.13664306640625,-0.15673645019531252
7.49175572519084,-6.7383206106870235,-6.402671755725191,-1.2170892333984376,-0.09391845703125,-0.3234844970703125
8.430687022900765,7.696793893129771,-25.196564885496183,-1.4678216552734376,-0.17448486328125,0.1086444091796875
3.3925190839694657,-1.2039694656488549,23.307251908396946,-1.1350579833984376,0.13459716796875,-0.0175762939453125
-17.16473282442748,-25.807022900763357,14.696564885496183,-0.6196771240234376,-0.01872314453125,-0.0612774658203125
-25.538778625954198,-11.95969465648855,5.887404580152672,-0.7681146240234376,-0.00456298828125,-0.0932598876953125
10.377251908396946,1.0708396946564886,-2.6622137404580153,-1.0825677490234376,0.01838623046875,-0.3164044189453125
56.92687022900763,-26.196335877862595,-2.280534351145038,-0.9739251708984376,0.27595458984375,-0.15136535644531252
2.087175572519084,6.009770992366412,-7.730916030534351,-0.9285150146484376,-0.10734619140625,-0.0029278564453125017
3.209312977099237,28.498320610687024,-9.158396946564885,-0.7371087646484376,-0.06633056640625,-0.0712872314453125
20.247480916030536,9.956335877862594,5.520992366412214,-0.8499017333984376,-0.04118408203125,-0.2514630126953125
18.48412213740458,4.406717557251908,-1.0515267175572518,-1.0779290771484376,0.08650146484375,-0.3417950439453125
3.2474809160305345,-7.1810687022900765,-23.677480916030536,-1.3662591552734376,-0.26066650390625,-0.0659161376953125
19.613893129770993,8.307480916030535,17.956106870229007,-1.0327630615234376,0.13117919921875,-0.1162091064453125
-19.30213740458015,-7.051297709923665,12.40648854961832,-0.7622552490234376,0.05427490234375,-0.1030255126953125
-21.68381679389313,-15.75358778625954,5.933206106870229,-0.7859368896484376,0.02693115234375,-0.19726379394531252
17.01847328244275,-13.013129770992366,-8.494274809160306,-0.8977532958984376,0.11921630859375,-0.23412902832031252
-12.882290076335877,-26.78412213740458,-9.08206106870229,-1.1091790771484376,-0.15690673828125,0.1152362060546875
-8.569312977099235,16.941068702290078,-19.78435114503817,-0.9421868896484376,-0.10099853515625,-0.0256329345703125
-17.01206106870229,11.918167938931298,-15.738549618320612,-0.6616693115234376,-0.11491455078125,-0.1047344970703125
4.758931297709924,-1.005496183206107,1.116412213740458,-0.8394036865234376,-0.17179931640625,-0.14892395019531252
4.690229007633588,-15.226870229007634,-6.730916030534351,-1.1165032958984376,0.04646240234375,-0.3098126220703125
-7.409007633587786,-6.654351145038168,-7.540076335877862,-1.4438958740234376,-0.04509033203125,0.0998553466796875
36.88870229007634,-7.562748091603054,14.200381679389313,-0.8386712646484376,-0.26701416015625,0.013429565429687498
-16.53114503816794,10.139541984732825,25.459923664122137,-0.7539544677734376,-0.05461181640625,-0.1054669189453125
5.041374045801527,-12.234503816793893,12.017175572519085,-0.6821771240234376,-0.00798095703125,-0.0295391845703125
11.346717557251909,-0.9596946564885496,-0.5858778625954199,-0.9863763427734376,0.04768310546875,-0.0905743408203125
29.774198473282443,-4.868091603053435,0.09351145038167939,-1.0525384521484376,0.13532958984375,-0.3623028564453125
24.583358778625954,-38.13526717557252,16.994274809160306,-1.5513177490234376,-0.09074462890625,-0.015623168945312502
-13.66854961832061,-12.78412213740458,-2.433206106870229,-0.9470697021484376,-0.15641845703125,0.0800799560546875
-7.019694656488549,17.681526717557254,-3.9980916030534353,-0.7676263427734376,-0.07536376953125,0.0373553466796875
0.056641221374045925,24.315114503816794,-9.692748091603054,-0.5703607177734376,-0.17692626953125,-0.0449200439453125
1.7207633587786262,12.796030534351145,18.047709923664122,-0.8716302490234376,0.02546630859375,-0.23779113769531252
-13.64564885496183,-7.616183206106871,-17.09732824427481,-1.2651849365234376,0.04865966796875,-0.3588848876953125
15.239847328244275,8.254045801526717,-22.967557251908396,-1.3430657958984376,-0.34440673828125,-0.20605285644531252
35.239847328244274,10.796030534351145,6.330152671755725,-0.8882318115234376,0.00495849609375,0.0615252685546875
-1.8822900763358776,19.002137404580154,14.58969465648855,-0.8711419677734376,0.14240966796875,-0.18945129394531252
-25.943358778625953,-5.700152671755726,5.200381679389313,-0.7830072021484376,0.03498779296875,-0.14330871582031252
-14.424274809160305,4.345648854961832,1.0782442748091603,-1.1382318115234376,0.09553466796875,-0.4113751220703125
-29.355572519083967,8.38381679389313,1.2690839694656488,-1.8311029052734376,-0.25114501953125,-0.20532043457031252
-37.47007633587786,-19.043664122137404,-16.2881679389313,-1.0813470458984376,-0.17375244140625,0.1193865966796875
-20.34793893129771,10.536488549618321,-15.784351145038167,-0.7969232177734376,-0.07121337890625,-0.0266094970703125
-13.867022900763358,7.101374045801527,-9.501908396946565,-0.6567864990234376,-0.10124267578125,-0.1103497314453125
-14.271603053435115,-1.7612213740458016,6.643129770992366,-0.9199700927734376,-0.06901611328125,-0.12524230957031252
-4.126564885496182,-10.700152671755726,-10.700381679389313,-1.1426263427734376,0.01032958984375,-0.3342266845703125
9.01083969465649,-5.234503816793893,-7.959923664122138,-1.0869622802734376,-0.15885986328125,-0.3620587158203125
3.3161832061068703,-11.990229007633587,-7.540076335877862,-1.2378411865234376,-0.40275634765625,-0.0961895751953125
19.117709923664123,0.20061068702290077,6.551526717557252,-0.9102044677734376,-0.13713134765625,-0.0256329345703125
-26.477709923664122,-10.768854961832062,18.811068702290076,-0.7161126708984376,0.02644287109375,-0.0644512939453125
-19.30213740458015,-4.135267175572519,15.040076335877863,-0.7898431396484376,0.05207763671875,-0.1135235595703125
29.247480916030536,-33.4787786259542,1.9026717557251909,-1.0693841552734376,0.10969482421875,-0.14770324707031252
41.69022900763359,-48.4024427480916,-5.769083969465649,-1.0022454833984376,0.17805419921875,-0.13256652832031252
-49.096030534351144,-0.3566412213740458,-9.036259541984732,-1.0400872802734376,-0.14152587890625,0.0546893310546875
-50.17236641221374,16.765496183206107,-13.715648854961833,-0.7031732177734376,-0.12663330078125,0.0156268310546875
-28.920458015267176,8.635725190839695,-15.937022900763358,-0.7624993896484376,-0.15422119140625,-0.0397930908203125
-14.118931297709922,-9.807022900763359,-3.280534351145038,-0.9717279052734376,-0.07853759765625,-0.24658020019531252
-30.30213740458015,-7.45587786259542,3.25381679389313,-1.0847650146484376,-0.02311767578125,-0.3535137939453125
-53.85175572519084,7.154809160305343,0.07824427480916031,-1.2878900146484376,-0.59172119140625,-0.1025372314453125
-60.79832061068702,9.643358778625954,19.612595419847327,-1.0002923583984376,0.14045654296875,-0.13769348144531252
-98.32503816793893,5.765496183206107,5.383587786259542,-0.8520989990234376,-0.08171142578125,-0.0595684814453125
-96.92809160305343,1.864732824427481,3.5591603053435112,-0.8054681396484376,0.03083740234375,-0.17138488769531252
-102.20290076335878,14.979236641221373,-7.005725190839694,-0.7676263427734376,0.08991943359375,-0.4599591064453125
-93.24870229007634,19.444885496183208,11.398854961832061,-1.2698236083984376,-0.30827392578125,-0.1186505126953125
-104.30977099236641,3.0632061068702288,15.169847328244275,-1.2532220458984376,0.09040771484375,-0.0263653564453125
-83.86702290076336,-1.3719083969465649,-20.77671755725191,-0.8655267333984376,-0.14909423828125,-0.1042462158203125
-80.53114503816794,-5.768854961832061,-7.112595419847328,-0.8640618896484376,-0.12052978515625,-0.14159973144531252
-76.68381679389313,7.002137404580153,7.314885496183206,-0.7683587646484376,0.09822021484375,-0.3227520751953125
-53.66854961832061,15.238778625954199,10.185114503816793,-1.1404290771484376,-0.25041259765625,-0.17651184082031252
-62.5006106870229,34.04030534351145,-13.975190839694656,-1.3926263427734376,0.04109130859375,-0.20214660644531252
-99.12656488549618,-13.776488549618321,-12.791984732824428,-0.8318353271484376,0.09114013671875,-0.13671691894531252
-76.13419847328244,-11.738320610687023,-5.318702290076335,-0.7534661865234376,0.04621826171875,-0.1176739501953125
-112.08076335877863,3.2998473282442746,-14.669847328244275,-1.0916009521484376,0.08845458984375,-0.4204083251953125
-106.36320610687022,18.55175572519084,-23.71564885496183,-1.2927728271484376,0.02278076171875,-0.3322735595703125
-53.80595419847328,-1.051297709923664,-18.708015267175572,-1.0347161865234376,-0.01969970703125,0.0380877685546875
-24.87465648854962,8.261679389312977,-9.104961832061068,-0.9370599365234376,-0.19133056640625,-0.0507794189453125
-7.134198473282442,12.582290076335878,-14.891221374045802,-0.7673822021484376,-0.19206298828125,-0.0852032470703125
16.445954198473284,4.5975572519083965,-10.120229007633588,-0.7261224365234376,-0.15202392578125,-0.0847149658203125
8.102442748091603,3.7883969465648852,-2.4408396946564888,-1.1406732177734376,0.12019287109375,-0.4011212158203125
-34.47770992366412,-12.120000000000001,-3.5553435114503817,-1.6318841552734376,-0.14396728515625,0.010011596679687498
5.873435114503818,6.521221374045801,6.291984732824427,-0.9812493896484376,-0.03947509765625,0.0466326904296875
-30.821221374045802,-7.394809160305344,22.421755725190838,-0.7969232177734376,-0.01408447265625,-0.0932598876953125
-34.49297709923664,-17.91389312977099,8.009541984732824,-0.6572747802734376,-0.06193603515625,-0.0454083251953125
-12.401374045801527,-19.203969465648854,9.75,-1.1509271240234376,0.02546630859375,-0.2785626220703125
-2.859389312977099,-5.562748091603054,3.269083969465649,-1.5317864990234376,-0.11491455078125,0.1093768310546875
-8.35557251908397,-5.593282442748092,-10.05916030534351,-1.1165032958984376,-0.10612548828125,0.1088885498046875
-26.401374045801525,8.69679389312977,-11.784351145038167,-0.6973138427734376,-0.01237548828125,-0.0187969970703125
-16.2181679389313,-6.265038167938932,-18.692748091603054,-0.6584954833984376,-0.15641845703125,-0.0944805908203125
7.33145038167939,1.5212213740458016,-9.59351145038168,-1.0491204833984376,0.0008081054687499997,-0.3356915283203125
12.957404580152673,0.6204580152671756,-6.3034351145038165,-1.0869622802734376,-0.10368408203125,-0.2678204345703125
-1.111297709923664,4.582290076335878,-16.08969465648855,-1.2649407958984376,-0.10051025390625,-0.1145001220703125
8.736030534351146,11.826564885496182,11.627862595419847,-0.9741693115234376,-0.03166259765625,0.004396362304687498
-10.111297709923663,-5.2879389312977105,13.92557251908397,-0.8354974365234376,0.02448974609375,-0.0810528564453125
-32.531145038167935,-16.318473282442746,8.040076335877863,-0.8064447021484376,0.17170654296875,-0.17309387207031252
17.445954198473284,-21.516946564885494,-6.5248091603053435,-0.9880853271484376,-0.01994384765625,-0.2939434814453125
18.522290076335878,-31.578015267175573,-1.3645038167938932,-1.1018548583984376,0.23445068359375,-0.013670043945312502
10.407786259541986,-2.6161832061068706,-1.4866412213740459,-1.0144525146484376,-0.08732666015625,0.0598162841796875
1.537557251908397,20.673893129770995,-18.181297709923665,-0.6838861083984376,-0.04948486328125,0.0297869873046875
12.4993893129771,4.513587786259542,-0.013358778625954198,-0.7603021240234376,-0.06877197265625,-0.1162091064453125
17.865801526717558,11.643358778625954,-7.799618320610687,-1.1765618896484376,-0.01139892578125,-0.2617169189453125
1.9497709923664124,8.20824427480916,-19.387404580152673,-1.3298822021484376,-0.06095947265625,-0.0393048095703125
43.98793893129771,6.803664122137405,19.673664122137403,-1.0310540771484376,0.02302490234375,-0.0541973876953125
11.896335877862596,-13.066564885496183,21.21564885496183,-0.7107415771484376,0.03889404296875,-0.0468731689453125
4.48412213740458,-20.92916030534351,13.345419847328245,-0.6760736083984376,0.07331787109375,-0.0805645751953125
26.270381679389313,-13.715419847328244,-5.959923664122138,-1.1526361083984376,0.09992919921875,-0.3137188720703125
-13.607480916030534,-1.4940458015267175,7.154580152671755,-1.6516595458984376,-0.14274658203125,-0.0368634033203125
-31.36320610687023,2.2540458015267175,-7.104961832061068,-1.0068841552734376,-0.08244384765625,0.15625183105468748
-29.576946564885496,10.742595419847328,-4.036259541984733,-0.8928704833984376,-0.10807861328125,0.0290545654296875
1.239847328244275,14.857099236641222,-16.76145038167939,-0.5820794677734376,-0.21623291015625,0.0314959716796875
20.13297709923664,16.605190839694657,15.490458015267176,-0.9731927490234376,0.04817138671875,-0.2565899658203125
18.300916030534353,0.88,-0.3797709923664122,-1.1990228271484376,0.13337646484375,-0.3854962158203125
26.949770992366414,-16.394809160305343,-23.72328244274809,-0.9763665771484376,-0.33439697265625,0.0249041748046875
-4.554045801526717,-2.219236641221374,16.75763358778626,-0.9009271240234376,0.01081787109375,-0.0729962158203125
-12.996793893129771,-15.142900763358778,18.27671755725191,-0.6687493896484376,0.02473388671875,-0.0473614501953125
-9.01206106870229,-21.013129770992364,9.76526717557252,-1.0459466552734376,0.04206787109375,-0.22607238769531252
15.071908396946565,-4.944427480916031,-15.524809160305344,-1.0664544677734376,0.26838623046875,-0.1064434814453125
-20.355572519083967,8.918167938931298,-11.257633587786259,-1.0688958740234376,-0.13639892578125,0.16699401855468748
-4.99679389312977,6.567022900763359,-10.685114503816793,-0.8660150146484376,-0.07756103515625,0.008546752929687498
10.728396946564885,1.0403053435114504,-11.494274809160306,-0.6526361083984376,-0.14592041015625,-0.0563946533203125
8.575725190839695,4.002137404580153,9.124045801526718,-0.8389154052734376,-0.06462158203125,-0.0651837158203125
7.980305343511451,-11.501679389312978,-12.433206106870228,-1.1875482177734376,0.13166748046875,-0.2824688720703125
-22.065496183206108,29.803664122137405,-28.9293893129771,-1.2363763427734376,-0.0026098632812500003,-0.2685528564453125
-4.2105343511450375,6.765496183206107,12.001908396946565,-0.9778314208984376,0.00959716796875,0.0341815185546875
-23.386106870229007,1.3074809160305343,18.009541984732824,-0.7317376708984376,0.01325927734375,-0.0029278564453125017
-25.584580152671755,-2.0512977099236642,5.4751908396946565,-0.7485833740234376,0.01496826171875,-0.0190411376953125
-24.2181679389313,8.483053435114504,3.177480916030534,-1.2053704833984376,0.08332763671875,-0.3359356689453125
17.63679389312977,-13.700152671755726,-2.08206106870229,-1.0923333740234376,0.37971435546875,-0.2963848876953125
-37.531145038167935,2.3838167938931294,-14.288167938931299,-1.1794915771484376,0.11994873046875,-0.0380841064453125
-48.714351145038165,-10.135267175572519,-13.158396946564885,-0.9043450927734376,-0.12345947265625,0.0478533935546875
-53.75251908396947,9.689160305343512,-28.2881679389313,-0.5342279052734376,-0.14128173828125,-0.0332012939453125
-20.51587786259542,9.299847328244274,-6.784351145038168,-0.8855462646484376,-0.18351806640625,-0.15600402832031252
-22.447175572519082,-1.669618320610687,-0.49427480916030536,-1.1143060302734376,0.01008544921875,-0.2890606689453125
-32.088396946564885,15.9181679389313,-9.708015267175572,-1.2261224365234376,-0.03923095703125,-0.14086730957031252
-13.721984732824428,6.9181679389312976,12.666030534351146,-0.9558587646484376,0.04548583984375,-0.0258770751953125
-70.43954198473283,0.6433587786259543,18.849236641221374,-0.7610345458984376,-0.02214111328125,-0.0471173095703125
-44.51587786259542,8.04030534351145,6.482824427480916,-0.7541986083984376,-0.01530517578125,-0.1003399658203125
-60.01206106870229,4.834198473282442,-9.280534351145038,-0.9084954833984376,0.13508544921875,-0.3669415283203125
-70.88992366412214,22.2769465648855,6.337786259541985,-1.0322747802734376,0.11018310546875,-0.4030743408203125
-41.67618320610687,9.956335877862594,0.3683206106870229,-0.7424798583984376,0.24543701171875,-0.0869122314453125
-86.92809160305343,3.0021374045801523,-30.624045801526716,-0.9409661865234376,-0.25676025390625,-0.0559063720703125
-68.80595419847329,-23.21923664122137,-20.2118320610687,-0.8396478271484376,-0.06218017578125,-0.0610333251953125
-49.91282442748091,-9.486412213740458,-3.1202290076335877,-0.8801751708984376,-0.15275634765625,-0.17504699707031252
-36.218167938931295,15.52885496183206,15.001908396946565,-0.8132806396484376,0.00788818359375,-0.3198223876953125
-18.15709923664122,23.39145038167939,19.803435114503817,-1.2419915771484376,-0.13639892578125,-0.3063946533203125
-65.34030534351145,19.025038167938934,-18.807251908396946,-1.1885247802734376,-0.18962158203125,-0.13427551269531252
-126.03496183206109,-2.7001526717557254,-9.486641221374045,-0.8640618896484376,0.10383544921875,-0.1245098876953125
-124.16473282442747,-7.654351145038168,7.07824427480916,-0.8950677490234376,-0.07560791015625,-0.0617657470703125
-68.71435114503817,-5.2955725190839695,2.6202290076335877,-0.8315911865234376,0.05744873046875,-0.2617169189453125
-83.28687022900763,10.460152671755726,-20.21946564885496,-1.0432611083984376,0.23445068359375,-0.6831036376953125
-33.096030534351144,-27.501679389312976,-4.540076335877862,-0.6741204833984376,0.11140380859375,-0.23510559082031252
-45.16473282442748,2.8647328244274806,-25.44083969465649,-0.9680657958984376,-0.26896728515625,0.2668475341796875
-33.11893129770992,2.2311450381679387,-17.501908396946565,-0.8811517333984376,-0.14054931640625,0.0314959716796875
-11.393740458015266,5.857099236641221,-13.830152671755725,-0.7437005615234376,-0.17814697265625,-0.0229473876953125
18.606259541984734,3.1853435114503816,-9.471374045801527,-0.8643060302734376,-0.11906494140625,-0.14379699707031252
25.4993893129771,10.238778625954199,6.375954198473282,-1.1113763427734376,0.10041748046875,-0.3188458251953125
13.850534351145038,18.55175572519084,-7.066793893129771,-1.1975579833984376,-0.48478759765625,0.0925311279296875
-9.943358778625953,6.1471755725190835,6.574427480916031,-1.0327630615234376,0.01057373046875,-0.1208477783203125
-44.11129770992366,-3.8222900763358783,4.467557251908397,-0.7136712646484376,-0.09098876953125,0.010255737304687498
-24.37083969465649,-6.043664122137405,8.956106870229007,-0.7559075927734376,0.02204833984375,-0.0334454345703125
-9.85175572519084,-20.463511450381677,-1.967557251908397,-1.0525384521484376,0.01081787109375,-0.3398419189453125
11.003206106870229,-55.03603053435115,7.040076335877862,-1.5425286865234376,-0.12370361328125,-0.1176739501953125
-30.897557251908395,0.9334351145038168,-5.288167938931298,-1.0566888427734376,-0.13493408203125,0.0429705810546875
-14.233435114503816,17.948702290076337,-16.42557251908397,-0.7654290771484376,-0.06608642578125,-0.0327130126953125
-9.82885496183206,2.4143511450381676,-16.356870229007633,-0.6360345458984376,-0.15104736328125,-0.0544415283203125
2.7283969465648856,7.101374045801527,0.8263358778625954,-0.9517083740234376,-0.06510986328125,-0.21337707519531252
2.6138931297709926,3.742595419847328,-9.135496183206106,-1.0559564208984376,-0.16032470703125,-0.2995587158203125
5.804732824427481,-7.211603053435114,-3.8301526717557253,-1.2341790771484376,-0.26042236328125,0.0441912841796875
-5.3250381679389305,17.91053435114504,14.276717557251908,-0.9927239990234376,-0.02409423828125,-0.12548645019531252
-22.202900763358777,-3.78412213740458,15.314885496183207,-0.6926751708984376,-0.03776611328125,-0.0903302001953125
-27.202900763358777,-5.364274809160306,6.330152671755725,-0.6965814208984376,0.07624755859375,-0.1101055908203125
-12.638015267175572,-20.333740458015267,1.7729007633587786,-1.3630853271484376,0.08210693359375,-0.4604473876953125
38.80473282442748,-37.54748091603054,11.76526717557252,-1.0151849365234376,0.33161865234375,-0.24389465332031252
-7.699083969465648,-16.478778625954195,-2.9522900763358777,-1.0012689208984376,-0.08439697265625,0.0405291748046875
-6.599847328244274,15.5593893129771,-18.25,-0.7285638427734376,-0.04167236328125,-0.0627423095703125
4.445954198473283,-0.12763358778625952,-7.662213740458015,-0.6458001708984376,-0.10832275390625,-0.0378399658203125
11.68259541984733,7.101374045801527,3.803435114503817,-1.0293450927734376,0.09992919921875,-0.3569317626953125
14.804732824427482,-9.058931297709924,1.6736641221374047,-1.4441400146484376,-0.22258056640625,-0.17065246582031252
59.01847328244275,-14.730687022900764,-4.555343511450381,-0.8228021240234376,-0.27604736328125,0.0688494873046875
-10.027328244274809,16.57465648854962,26.92557251908397,-0.8777337646484376,0.01643310546875,-0.0917950439453125
-13.111297709923663,-25.7230534351145,13.444656488549619,-0.7024407958984376,-0.06974853515625,-0.0849591064453125
-14.813587786259541,-19.394809160305343,2.7423664122137406,-0.7676263427734376,0.0008081054687499997,-0.0707989501953125
42.79709923664122,-0.1734351145038168,-0.6469465648854962,-1.0679193115234376,0.23811279296875,-0.5061016845703125
34.52229007633588,-19.616183206106868,10.75,-1.1536126708984376,0.20002685546875,-0.17675598144531252
-3.523511450381679,-3.79175572519084,-1.2805343511450382,-0.9353509521484376,-0.25505126953125,0.0837420654296875
22.026106870229007,2.3227480916030534,2.75,-0.8323236083984376,-0.05290283203125,1.8310546874983347e-06
15.270381679389313,7.5975572519083965,0.24618320610687022,-0.6323724365234376,-0.08171142578125,-0.0795880126953125
17.606259541984734,-6.272671755725191,-0.20419847328244276,-0.9414544677734376,0.02522216796875,-0.24902160644531252
11.278015267175572,0.16244274809160306,-13.791984732824428,-1.0845208740234376,-0.01994384765625,-0.3918438720703125
21.736030534351144,-22.471145038167936,-8.326335877862595,-1.0562005615234376,-0.40763916015625,0.0708026123046875
16.942137404580155,-0.44061068702290074,18.75763358778626,-0.9319329833984376,0.03425537109375,-0.0566387939453125
-12.454809160305343,-1.0131297709923663,19.505725190839694,-0.7078118896484376,0.01716552734375,-0.0532208251953125
-25.554045801526716,-1.6619847328244275,6.513358778625954,-0.8811517333984376,0.10139404296875,-0.16747863769531252
34.58335877862596,-23.020763358778623,1.0248091603053435,-1.1570306396484376,0.09480224609375,-0.3149395751953125
31.270381679389313,-46.84519083969466,9.032442748091603,-1.0640130615234376,0.22444091796875,-0.0512677001953125
-14.538778625954198,-0.43297709923664124,-2.685114503816794,-1.0032220458984376,-0.10124267578125,0.1093768310546875
-8.485343511450381,10.658625954198474,-11.379770992366412,-0.7581048583984376,-0.04142822265625,0.0437030029296875
-10.783053435114503,-1.6314503816793893,-5.5248091603053435,-0.7297845458984376,-0.04167236328125,-0.0607891845703125
-10.019694656488548,-8.219236641221375,-14.204198473282442,-1.1191888427734376,0.02156005859375,-0.23705871582031252
-2.3479389312977097,13.452519083969465,-1.3645038167938932,-1.2383294677734376,-0.20964111328125,-0.3623028564453125
0.14824427480916041,-3.1658015267175577,-6.6393129770992365,-0.9106927490234376,-0.36784423828125,0.13232604980468748
-9.920458015267174,14.673893129770992,16.299618320610687,-0.8020501708984376,-0.02897705078125,-0.0749493408203125
-21.706717557251906,-2.005496183206107,13.368320610687023,-0.7629876708984376,-0.07023681640625,-0.0827618408203125
10.774198473282443,-4.990229007633588,8.23091603053435,-0.8938470458984376,0.11994873046875,-0.23193176269531252
28.400152671755727,-14.448244274809161,-5.127862595419847,-1.0942864990234376,0.16853271484375,-0.3356915283203125
21.743664122137407,-23.92916030534351,5.9103053435114505,-1.0359368896484376,0.17170654296875,-0.16161926269531252
-31.775419847328244,6.345648854961832,-3.967557251908397,-0.9434075927734376,-0.15373291015625,0.0239276123046875
-34.85175572519084,14.330381679389312,-4.7538167938931295,-0.8093743896484376,-0.06681884765625,-0.0229473876953125
-22.767786259541985,11.147175572519084,-10.624045801526718,-0.6833978271484376,-0.07804931640625,-0.16259582519531252
-22.592213740458014,7.696793893129771,-0.9370229007633588,-0.8953118896484376,-0.00676025390625,-0.2944317626953125
-12.67618320610687,-9.356641221374046,-5.311068702290076,-1.1689935302734376,0.04280029296875,-0.3298321533203125
-32.1036641221374,36.35328244274809,-31.990458015267176,-1.2300286865234376,0.19831787109375,-0.3933087158203125
-23.111297709923665,-8.341374045801526,-7.700381679389313,-0.7554193115234376,-0.06852783203125,0.0979022216796875
-68.05786259541985,-10.097099236641222,5.0248091603053435,-0.7402825927734376,0.15119873046875,-0.16186340332031252
-45.11129770992366,-6.761221374045801,4.284351145038168,-0.7146478271484376,-0.06193603515625,-0.0656719970703125
-32.54641221374046,8.02503816793893,-2.8072519083969465,-0.8018060302734376,0.12092529296875,-0.3940411376953125
-76.27923664122137,25.20824427480916,4.994274809160306,-0.9402337646484376,0.18635498046875,-0.4619122314453125
-32.897557251908395,33.04793893129771,-8.982824427480915,-1.0449700927734376,0.24153076171875,-0.18652160644531252
-85.2181679389313,8.963969465648855,-21.39503816793893,-0.8599114990234376,-0.10954345703125,-0.1132794189453125
-79.8593893129771,-11.78412213740458,-20.860687022900763,-0.9160638427734376,-0.06022705078125,-0.1083966064453125
-65.8975572519084,-3.990229007633588,-4.723282442748092,-0.9001947021484376,-0.04850830078125,-0.2617169189453125
-54.263969465648856,24.200610687022902,6.650763358778626,-0.7808099365234376,-0.05729736328125,-0.3561993408203125
-40.645648854961834,8.475419847328244,-11.433206106870228,-1.2617669677734376,0.09040771484375,0.22021667480468748
-116.06549618320611,15.90290076335878,-4.769083969465649,-1.2373529052734376,0.34211669921875,-0.3076153564453125
-199.2029007633588,-0.1429007633587786,-29.42557251908397,-0.8201165771484376,-0.00553955078125,-0.24413879394531252
-106.05022900763359,5.124274809160305,-9.57824427480916,-0.8506341552734376,-0.12516845703125,-0.23266418457031252
-93.05786259541985,-19.326106870229005,-8.74618320610687,-0.9651361083984376,0.04890380859375,-0.4189434814453125
-95.04259541984733,-1.600916030534351,-19.998091603053435,-0.9416986083984376,0.00593505859375,-0.5463848876953125
-27.691450381679388,0.14717557251908397,-20.822519083969464,-0.8547845458984376,-0.01115478515625,-0.0234356689453125
-53.86702290076336,-2.974961832061069,-20.639312977099237,-1.0654779052734376,-0.09977783203125,0.0603045654296875
-78.5006106870229,-1.9291603053435114,-21.71564885496183,-0.7854486083984376,-0.17350830078125,0.0021990966796874983
-22.95862595419847,11.460152671755726,-18.91412213740458,-0.8757806396484376,-0.26506103515625,-0.17333801269531252
2.400152671755725,4.979236641221374,-8.585877862595419,-1.0205560302734376,-0.03801025390625,-0.2746563720703125
16.613893129770993,37.71206106870229,-9.135496183206106,-1.3032708740234376,-0.21086181640625,0.0681170654296875
17.743664122137407,2.9410687022900763,24.94083969465649,-1.1316400146484376,-0.03556884765625,-0.0327130126953125
-18.241068702290075,-21.234503816793893,25.330152671755727,-0.5808587646484376,0.02302490234375,-0.0380841064453125
-28.01969465648855,3.3990839694656487,10.146946564885496,-0.7842279052734376,0.10945068359375,-0.14477355957031252
24.117709923664123,-13.883358778625954,-1.3568702290076335,-1.1316400146484376,-0.03923095703125,-0.2651348876953125
55.84290076335878,-46.57801526717557,-3.280534351145038,-1.0002923583984376,0.16853271484375,-0.0920391845703125
-45.91282442748091,5.37618320610687,-12.944656488549619,-1.0422845458984376,-0.15007080078125,-0.0302716064453125
-38.905190839694654,24.307480916030535,-18.769083969465647,-0.8159661865234376,-0.14006103515625,-0.0283184814453125
-16.821221374045802,9.612824427480916,-7.463740458015267,-0.8010736083984376,-0.18522705078125,-0.0998516845703125
5.117709923664123,-0.402442748091603,-10.967557251908397,-1.0037103271484376,-0.08464111328125,-0.2568341064453125
-6.897557251908396,29.58992366412214,-2.5553435114503817,-1.3376947021484376,0.18342529296875,0.0715350341796875
40.789465648854964,0.6204580152671756,15.017175572519085,-0.9453607177734376,0.02839599609375,0.0573748779296875
2.2245801526717557,6.796030534351145,20.13167938931298,-0.8984857177734376,-0.01774658203125,-0.1166973876953125
3.354351145038168,-7.5169465648854965,17.74236641221374,-0.8113275146484376,-0.0030981445312500003,-0.14477355957031252
1.0108396946564886,-10.898625954198474,1.6125954198473282,-1.0625482177734376,0.05207763671875,-0.2961407470703125
-6.531145038167939,14.956335877862594,-0.3416030534351145,-1.6177239990234376,-0.17912353515625,-0.1093731689453125
-19.18,-10.47114503816794,-14.08206106870229,-1.0620599365234376,-0.11125244140625,0.14209167480468748
5.888702290076337,0.08610687022900765,-4.211832061068702,-0.8733392333984376,-0.06608642578125,-0.0629864501953125
-2.2334351145038167,1.597557251908397,-7.158396946564886,-0.7092767333984376,-0.08610595703125,-0.0461407470703125
13.35435114503817,0.08610687022900765,-0.601145038167939,-0.8586907958984376,-0.06144775390625,-0.20117004394531252
22.65206106870229,-2.539847328244275,-9.662213740458014,-1.2100091552734376,-0.05143798828125,-0.3232403564453125
-6.149465648854961,30.57465648854962,-25.08969465648855,-1.2842279052734376,0.04621826171875,-0.1110821533203125
52.1787786259542,7.727328244274809,2.185114503816794,-0.9402337646484376,0.03449951171875,0.0209979248046875
18.270381679389313,0.39145038167938934,17.490458015267176,-0.8213372802734376,0.04621826171875,-0.1196270751953125
-2.309770992366412,-17.822290076335875,10.383587786259541,-0.7683587646484376,0.07771240234375,-0.0559063720703125
8.17114503816794,-11.089465648854961,4.513358778625954,-1.0322747802734376,0.08039794921875,-0.13647277832031252
-2.2868702290076333,5.796030534351145,-10.555343511450381,-1.0847650146484376,0.04792724609375,-0.0856915283203125
-40.56931297709924,4.4754198473282445,-16.303435114503817,-1.1179681396484376,0.02351318359375,0.1215838623046875
-25.45480916030534,3.421984732824427,-1.9751908396946565,-0.9336419677734376,-0.11222900390625,0.0505389404296875
-1.1189312977099235,11.032671755725191,-3.135496183206107,-0.7307611083984376,-0.05143798828125,-0.0300274658203125
0.003206106870229129,2.8723664122137404,4.093511450381679,-0.8706536865234376,-0.08317626953125,-0.1091290283203125
8.50702290076336,-9.516946564885496,-4.0820610687022905,-1.0220208740234376,-0.01261962890625,-0.19531066894531252
14.522290076335878,-0.5398473282442748,-2.036259541984733,-1.0825677490234376,-0.16349853515625,-0.3405743408203125
7.087175572519085,7.612824427480916,-13.807251908396946,-1.2754388427734376,-0.37809814453125,-0.12792785644531252
31.522290076335878,3.742595419847328,15.803435114503817,-0.9194818115234376,0.02082763671875,0.0185565185546875
-7.416641221374046,-11.516946564885496,27.620229007633586,-0.7539544677734376,-0.02140869140625,-0.0886212158203125
-21.01206106870229,-16.57801526717557,5.322519083969466,-0.7322259521484376,0.14485107421875,-0.19628723144531252
32.08717557251909,-12.089465648854961,4.200381679389313,-0.9031243896484376,0.06745849609375,-0.23364074707031252
-6.859389312977099,-29.26503816793893,-15.356870229007633,-1.0161614990234376,0.19782958984375,0.0239276123046875
-32.271603053435115,2.04030534351145,-16.036259541984734,-0.9299798583984376,-0.17204345703125,0.0612811279296875
-32.66091603053435,13.467786259541985,-3.91412213740458,-0.8364739990234376,-0.04948486328125,0.014161987304687498
-31.53114503816794,9.5593893129771,-9.776717557251908,-0.6782708740234376,-0.11955322265625,-0.0803204345703125
-12.83648854961832,-3.410076335877863,-0.2881679389312977,-1.0107904052734376,-0.03776611328125,-0.19897277832031252
15.35435114503817,8.765496183206107,-1.7309160305343512,-1.0300775146484376,-0.23356689453125,-0.5617657470703125
2.804732824427481,-3.1123664122137407,-2.654580152671756,-1.1270013427734376,-0.36930908203125,0.0246600341796875
14.308549618320612,14.52885496183206,13.322519083969466,-0.9155755615234376,-0.07560791015625,-0.006101684570312502
-13.271603053435115,1.0555725190839695,21.169847328244273,-0.7437005615234376,-0.02995361328125,-0.0363751220703125
-10.202900763358778,-7.280305343511451,15.467557251908397,-0.8171868896484376,0.11189208984375,-0.24120910644531252
22.552824427480918,-14.4406106870229,-4.7538167938931295,-1.0359368896484376,0.11848388671875,-0.3464337158203125
-16.1418320610687,-27.616183206106868,-12.967557251908397,-0.8606439208984376,0.10188232421875,0.0371112060546875
-33.69145038167939,3.04030534351145,-7.8683206106870225,-0.8874993896484376,-0.05754150390625,0.0190447998046875
-23.508244274809158,17.57465648854962,-14.692748091603054,-0.6604486083984376,-0.06706298828125,-0.0507794189453125
-12.5006106870229,0.6662595419847328,7.505725190839694,-0.8254876708984376,-0.08927978515625,-0.1115704345703125
-8.263969465648854,-15.219236641221375,-2.9064885496183206,-1.0959954833984376,0.05720458984375,-0.22509582519531252
-10.149465648854962,-3.7535877862595424,-1.1202290076335877,-1.2917962646484376,0.04988037109375,-0.23242004394531252
-11.867022900763358,3.406717557251908,-6.845419847328245,-0.9358392333984376,-0.24943603515625,-0.1047344970703125
-12.218167938931296,7.177709923664122,7.284351145038168,-0.8882318115234376,0.00739990234375,-0.0527325439453125
-46.92809160305343,-1.990229007633588,7.681297709923665,-0.7390618896484376,-0.0009008789062500003,-0.0783673095703125
-25.111297709923665,0.06320610687022901,7.948473282442748,-0.8049798583984376,-0.00431884765625,-0.0800762939453125
-26.943358778625953,-16.98259541984733,-6.6316793893129775,-0.9714837646484376,0.12214599609375,-0.24755676269531252
-74.32503816793893,-0.9215267175572519,12.757633587786259,-1.1619134521484376,-0.04484619140625,-0.23412902832031252
-97.02732824427481,-8.448244274809161,1.4370229007633588,-1.0703607177734376,0.05378662109375,-0.0820294189453125
-100.27160305343511,8.06320610687023,-12.860687022900763,-0.9316888427734376,-0.18986572265625,-0.18334777832031252
-80.99679389312978,-3.5627480916030536,-9.471374045801527,-0.8965325927734376,-0.18644775390625,-0.1206036376953125
-69.50824427480916,3.360916030534351,2.765267175572519,-0.9094720458984376,0.02619873046875,-0.3068829345703125
-45.584580152671755,16.452519083969467,7.864503816793893,-1.1028314208984376,-0.03019775390625,-0.4392071533203125
-57.98152671755725,5.414351145038168,-23.990458015267176,-0.9924798583984376,-0.46769775390625,0.1101092529296875
-119.3479389312977,11.902900763358778,0.9637404580152672,-1.0508294677734376,0.03425537109375,-0.15575988769531252
-129.54641221374047,0.2540458015267176,-9.311068702290076,-0.9111810302734376,-0.10075439453125,-0.1020489501953125
-69.87465648854962,7.2540458015267175,-0.6545801526717557,-0.8494134521484376,0.0017846679687499997,-0.14477355957031252
-69.20290076335878,1.3380152671755725,-11.318702290076336,-1.0493646240234376,0.09577880859375,-0.3808575439453125
-77.83648854961832,-8.478778625954199,-11.830152671755725,-1.1948724365234376,0.28449951171875,-0.4968243408203125
-57.92045801526717,-8.135267175572519,-21.55534351145038,-1.0659661865234376,0.04817138671875,0.0332049560546875
-62.79068702290076,7.0326717557251905,-23.517175572519083,-0.9524407958984376,-0.13468994140625,0.1103533935546875
-59.2563358778626,7.811297709923664,-14.08206106870229,-0.8044915771484376,-0.06681884765625,0.0324725341796875
-52.85175572519084,17.528854961832064,-5.311068702290076,-0.7961907958984376,-0.10734619140625,-0.0964337158203125
-10.569312977099235,17.40671755725191,0.10877862595419847,-0.9849114990234376,-0.09123291015625,-0.23559387207031252
-10.882290076335877,8.101374045801526,-12.57824427480916,-1.0947747802734376,0.03474365234375,-0.3986798095703125
-14.638015267175572,44.078473282442744,-19.295801526717558,-1.3032708740234376,0.04792724609375,-0.15917785644531252
7.255114503816794,7.673893129770992,-1.2041984732824427,-0.9260736083984376,0.03498779296875,-0.0707989501953125
-14.729618320610687,-6.494045801526718,14.498091603053435,-0.7078118896484376,-0.00724853515625,-0.1005841064453125
-14.859389312977099,-9.997862595419848,5.345419847328245,-0.7480950927734376,0.02473388671875,-0.14819152832031252
-4.775419847328243,-15.417709923664122,-2.204198473282443,-1.0300775146484376,0.11848388671875,-0.2585430908203125
-5.8746564885496175,0.49832061068702294,8.375954198473282,-1.4668450927734376,-0.23478759765625,-0.13671691894531252
-32.20290076335878,-29.501679389312976,-10.051526717557252,-1.1533685302734376,-0.15812744140625,0.0500506591796875
-8.485343511450381,2.2540458015267175,-10.654580152671755,-0.7966790771484376,-0.13078369140625,-0.007810668945312502
-1.8822900763358776,9.109007633587787,-13.227099236641221,-0.6182122802734376,-0.07292236328125,-0.0585919189453125
6.774198473282444,0.6738931297709924,1.1545801526717556,-0.9492669677734376,-0.05900634765625,-0.18505676269531252
3.5604580152671756,-5.829923664122138,-3.066793893129771,-1.0532708740234376,-0.00480712890625,-0.24218566894531252
-21.508244274809158,22.513587786259542,-16.39503816793893,-1.2529779052734376,0.07551513671875,-0.22973449707031252
28.797099236641223,-3.6848854961832065,1.215648854961832,-0.9485345458984376,-0.13078369140625,0.0686053466796875
22.66732824427481,10.406717557251909,10.07824427480916,-0.9502435302734376,0.04402099609375,-0.14550598144531252
-20.65328244274809,-12.62381679389313,11.032442748091603,-0.8313470458984376,0.02326904296875,-0.1059552001953125
-11.286870229007633,-12.860458015267175,3.8416030534351147,-0.9148431396484376,0.05671630859375,-0.15917785644531252
26.804732824427482,-12.494045801526719,-1.3416030534351144,-0.9807611083984376,0.11531005859375,-0.3242169189453125
-7.424274809160305,-8.845190839694657,-8.608778625954198,-1.1541009521484376,0.23322998046875,-0.1096173095703125
-38.97389312977099,-0.7077862595419847,-8.791984732824428,-1.0161614990234376,-0.09489501953125,0.0417498779296875
-11.867022900763358,17.56702290076336,-13.311068702290076,-0.6360345458984376,-0.10783447265625,-0.013670043945312502
6.720763358778626,0.49832061068702294,4.536259541984733,-0.7869134521484376,-0.07414306640625,-0.0805645751953125
4.865801526717558,-5.45587786259542,-14.608778625954198,-1.1418939208984376,0.10090576171875,-0.2856427001953125
1.903969465648855,3.559389312977099,-4.898854961832061,-1.1851068115234376,0.04865966796875,0.2680682373046875
37.354351145038166,8.773129770992366,7.093511450381679,-1.0124993896484376,0.07453857421875,0.0212420654296875
9.415419847328245,-7.814656488549619,23.185114503816795,-0.6863275146484376,0.01863037109375,-0.0463848876953125
-3.5693129770992367,-14.63145038167939,10.459923664122137,-0.6846185302734376,-0.00749267578125,-0.0021954345703125017
0.6444274809160306,-20.92916030534351,1.2690839694656488,-1.2202630615234376,0.03572021484375,-0.21288879394531252
13.270381679389313,-9.95206106870229,7.42175572519084,-1.7446771240234376,-0.16374267578125,-0.0832501220703125
-27.263969465648856,-14.738320610687023,-11.356870229007633,-1.0749993896484376,-0.17668212890625,0.14917175292968748
-21.729618320610687,18.483053435114506,-4.341603053435114,-0.8252435302734376,-0.07218994140625,0.0512713623046875
-23.699083969465647,12.04030534351145,-4.8683206106870225,-0.7041497802734376,-0.09318603515625,-0.0346661376953125
-5.347938931297709,0.1853435114503817,-2.8072519083969465,-0.8433099365234376,-0.12004150390625,-0.0839825439453125
7.041374045801527,-4.639083969465649,-9.242366412213741,-1.1060052490234376,0.02229248046875,-0.2551251220703125
-43.72961832061068,22.971603053435118,-38.19656488549618,-1.3184075927734376,-0.03361572265625,-0.1225567626953125
6.552824427480917,6.086106870229007,0.39122137404580154,-0.9072747802734376,0.0012963867187499997,0.010011596679687498
-3.2563358778625955,2.2464122137404576,15.76526717557252,-0.7581048583984376,-0.04460205078125,-0.0336895751953125
-6.485343511450381,3.612824427480916,19.87213740458015,-0.8027825927734376,-0.0016333007812500003,-0.0270977783203125
9.33145038167939,5.628091603053435,5.818702290076335,-0.8450189208984376,0.03254638671875,-0.0700665283203125
16.1406106870229,-39.27267175572519,-6.234732824427481,-1.1521478271484376,0.08308349609375,-0.3134747314453125
36.545190839694655,-51.41770992366413,1.5133587786259541,-1.0559564208984376,0.24739013671875,-0.15502746582031252
-20.317404580152672,3.71206106870229,-11.791984732824428,-0.9719720458984376,-0.10099853515625,0.0520037841796875
-16.546412213740457,2.658625954198473,-23.517175572519083,-0.6301751708984376,-0.05925048828125,0.013429565429687498
7.148244274809161,1.8723664122137404,2.9713740458015265,-0.6255364990234376,-0.18473876953125,-0.006345825195312502
7.972671755725192,-11.058931297709924,-2.8759541984732824,-1.2043939208984376,0.10993896484375,-0.3054180908203125
25.400152671755727,-5.028396946564886,-6.830152671755725,-0.8701654052734376,-0.25334228515625,-0.4338360595703125
46.7436641221374,-10.196335877862596,-7.555343511450381,-1.2124505615234376,-0.28166259765625,-0.14159973144531252
19.033740458015266,-2.6619847328244277,18.811068702290076,-0.7720208740234376,-0.05168212890625,0.007326049804687498
-6.409007633587786,-11.249770992366413,16.345419847328245,-0.6841302490234376,0.03816162109375,0.0275897216796875
-4.386106870229007,-8.95969465648855,8.154580152671755,-0.9453607177734376,0.09016357421875,-0.0393048095703125
27.926870229007633,-18.63145038167939,1.5057251908396947,-0.9377923583984376,0.10359130859375,-0.14062316894531252
-1.2563358778625953,-25.63145038167939,-5.875954198473282,-0.7661614990234376,0.32063232421875,-0.0883770751953125
-43.11893129770992,11.269312977099236,-10.547709923664122,-0.9614739990234376,-0.05925048828125,0.1064471435546875
-40.1036641221374,24.498320610687024,-11.631679389312977,-0.6946282958984376,-0.06364501953125,-0.0175762939453125
-28.84412213740458,11.421984732824427,-4.891221374045801,-0.7446771240234376,-0.20158447265625,-0.0451641845703125
-22.393740458015266,-8.745954198473283,-8.524809160305344,-1.0276361083984376,-0.02385009765625,-0.2604962158203125
-15.263969465648854,9.811297709923664,-3.685114503816794,-1.2224603271484376,0.03449951171875,-0.4128399658203125
-7.065496183206107,-12.829923664122138,-9.311068702290076,-1.0642572021484376,-0.54118408203125,0.0493182373046875
-39.80595419847328,0.0784732824427481,24.27671755725191,-0.8042474365234376,0.06745849609375,-0.0966778564453125
-52.99679389312977,3.6204580152671753,0.42938931297709926,-0.7637200927734376,-0.07804931640625,-0.0585919189453125
-45.592213740458014,2.8189312977099235,8.482824427480915,-0.8276849365234376,0.06574951171875,-0.1135235595703125
-50.775419847328244,3.811297709923664,-10.311068702290076,-0.8201165771484376,0.09187255859375,-0.4323712158203125
-76.29450381679389,15.628091603053434,4.498091603053435,-0.9717279052734376,0.14753662109375,-0.4799786376953125
-91.66091603053435,29.06320610687023,-8.784351145038167,-1.0120111083984376,0.35847412109375,-0.15063293457031252
-75.33267175572519,5.330381679389313,-38.349236641221374,-0.8989739990234376,-0.31803955078125,-0.1249981689453125
-78.2563358778626,-17.020763358778623,-23.646946564885496,-0.8950677490234376,-0.04679931640625,-0.13134582519531252
-53.2563358778626,-1.9673282442748095,-5.6316793893129775,-0.9275384521484376,-0.15031494140625,-0.22900207519531252
-38.81358778625954,24.5975572519084,12.658396946564885,-0.9766107177734376,-0.04948486328125,-0.3398419189453125
-46.462442748091604,34.03267175572519,-15.486641221374045,-1.2065911865234376,0.17341552734375,-0.008054809570312502
-87.48534351145038,15.780763358778627,1.2767175572519085,-1.1794915771484376,0.22077880859375,-0.16430480957031252
-148.5769465648855,3.5135877862595417,-3.8606870229007635,-0.8501458740234376,0.02229248046875,-0.1188946533203125
-75.71435114503817,2.6204580152671753,-2.0973282442748094,-0.8647943115234376,-0.02092041015625,-0.23168762207031252
-82.90519083969465,-19.234503816793893,-3.58587786259542,-0.9629388427734376,0.11213623046875,-0.2785626220703125
-82.26396946564886,-6.845190839694657,-19.44083969465649,-1.0269036865234376,0.17414794921875,-0.5209942626953125
-30.14946564885496,-13.29557251908397,-18.91412213740458,-0.7437005615234376,0.04939208984375,0.16723815917968748
-55.37083969465649,5.116641221374046,-24.25763358778626,-1.0164056396484376,-0.13761962890625,0.1093768310546875
-82.24870229007634,0.10137404580152673,-21.42557251908397,-0.7163568115234376,-0.12760986328125,0.0847186279296875
-57.73725190839695,12.925801526717557,-5.57824427480916,-0.7930169677734376,-0.25285400390625,0.0192889404296875
-17.935725190839694,2.2235114503816793,-2.5019083969465647,-1.1599603271484376,-0.0035864257812500003,-0.3124981689453125
-7.378473282442748,8.498320610687022,7.42175572519084,-1.3381829833984376,-0.35490478515625,-0.3872052001953125
32.75893129770992,-15.745954198473282,-0.9522900763358778,-0.8435540771484376,-0.38053955078125,0.16162292480468748
4.056641221374046,16.185343511450384,17.4293893129771,-0.8171868896484376,-0.01432861328125,-0.0803204345703125
-16.034961832061068,-2.860458015267176,8.047709923664122,-0.8047357177734376,-0.08561767578125,-0.004148559570312502
-8.195267175572518,-3.242137404580153,3.2232824427480917,-0.9077630615234376,0.08869873046875,-0.21288879394531252
4.758931297709924,-17.585648854961832,-1.8148854961832062,-1.1091790771484376,0.03620849609375,-0.2517071533203125
-1.263969465648855,-33.16580152671756,-13.135496183206106,-1.2722650146484376,0.39289794921875,-0.1079083251953125
-21.042595419847327,5.567022900763359,-5.700381679389313,-1.0063958740234376,-0.02287353515625,0.0175799560546875
-28.37083969465649,16.2769465648855,-26.043893129770993,-0.5168939208984376,-0.10661376953125,0.0209979248046875
-8.844122137404579,6.200610687022901,5.032442748091603,-0.8357415771484376,-0.22746337890625,0.0322283935546875
-4.271603053435114,-7.318473282442748,-11.41030534351145,-1.3022943115234376,0.07868896484375,-0.3840313720703125
-0.294503816793893,-10.4406106870229,-10.456106870229007,-1.4436517333984376,-0.23088134765625,0.008302612304687498
21.736030534351144,0.2769465648854962,10.994274809160306,-1.0754876708984376,-0.12590087890625,0.0932635498046875
-15.302137404580153,-7.501679389312978,27.017175572519083,-0.7432122802734376,-0.02482666015625,-0.0283184814453125
0.14824427480916041,-16.013129770992364,12.696564885496183,-0.6060052490234376,-0.03703369140625,-0.007810668945312502
24.69786259541985,-17.79175572519084,8.452290076335878,-1.0151849365234376,0.07038818359375,-0.23657043457031252
22.15587786259542,-19.60854961832061,-16.364503816793892,-1.0637689208984376,0.20442138671875,-0.14501770019531252
7.438320610687024,1.2693129770992366,-17.998091603053435,-1.0432611083984376,0.09870849609375,0.1096209716796875
-8.5006106870229,4.109007633587786,-10.471374045801527,-0.8745599365234376,-0.04533447265625,0.0571307373046875
0.5451908396946566,13.727328244274808,-17.700381679389313,-0.5525384521484376,-0.11198486328125,0.0224627685546875
17.392519083969468,19.628091603053438,15.154580152671755,-0.9553704833984376,-0.13127197265625,-0.0449200439453125
3.7512977099236644,-11.562748091603053,-17.799618320610687,-1.1728997802734376,0.04597412109375,-0.3698712158203125
-45.85175572519084,35.35328244274809,-33.3263358778626,-1.3701654052734376,0.13459716796875,0.0339373779296875
-0.8746564885496182,-2.471145038167939,6.963740458015267,-1.0583978271484376,0.01960693359375,0.007081909179687498
-13.477709923664122,-8.982595419847328,31.05534351145038,-0.6931634521484376,-0.02287353515625,-0.0314923095703125
11.728396946564885,-13.394809160305345,15.291984732824428,-0.6228509521484376,-0.05094970703125,0.0322283935546875
39.781832061068705,-36.34900763358779,2.1087786259541983,-1.2092767333984376,0.10505615234375,-0.23071105957031252
17.713129770992367,-26.555114503816792,3.696564885496183,-1.5022454833984376,-0.16618408203125,-0.0844708251953125
-0.08839694656488538,0.7578625954198474,-4.227099236641221,-1.0972161865234376,-0.08488525390625,0.0532244873046875
-2.531145038167939,15.696793893129772,-18.982824427480917,-0.5237298583984376,-0.09220947265625,-0.0036602783203125017
8.789465648854963,-9.539847328244274,5.887404580152672,-0.7366204833984376,-0.12590087890625,-0.008054809570312502
4.720763358778626,-7.356641221374046,-6.25763358778626,-1.2722650146484376,0.11726318359375,-0.2897930908203125
3.5833587786259544,-6.494045801526718,4.4751908396946565,-1.5989251708984376,-0.17961181640625,0.0314959716796875
34.56809160305344,-18.341374045801526,-5.807251908396947,-0.8376947021484376,-0.19963134765625,0.1201190185546875
14.804732824427482,-4.2955725190839695,16.017175572519083,-0.8276849365234376,-0.07072509765625,0.0234393310546875
17.178778625954198,-11.341374045801526,20.543893129770993,-0.6467767333984376,-0.02262939453125,0.012941284179687498
-5.744885496183206,-15.562748091603053,11.040076335877863,-1.0718255615234376,0.07673583984375,-0.0544415283203125
3.7131297709923667,-0.7306870229007634,-23.40267175572519,-1.2129388427734376,0.30964599609375,-0.0695782470703125
-14.263969465648854,9.39145038167939,-18.41793893129771,-1.1462884521484376,-0.10563720703125,0.16870300292968748
-15.302137404580153,8.933435114503817,-22.204198473282442,-0.7017083740234376,-0.10099853515625,-0.0219708251953125
-7.027328244274808,3.559389312977099,-17.532442748091604,-0.6050286865234376,-0.16691650390625,0.0507830810546875
9.865801526717558,2.826564885496183,-3.2423664122137406,-1.2439447021484376,0.02522216796875,-0.3134747314453125
-15.218167938931296,-1.8909923664122137,-3.8606870229007635,-1.1638665771484376,-0.05436767578125,-0.2502423095703125
-18.752519083969464,-2.1963358778625954,-10.372137404580153,-1.1089349365234376,-0.40861572265625,-0.012937622070312502
-14.691450381679388,1.6357251908396946,17.36832061068702,-0.9763665771484376,-0.02385009765625,-0.014646606445312502
-45.34030534351145,-6.715419847328245,20.200381679389313,-0.6135736083984376,-0.01872314453125,0.009279174804687498
-10.874656488549618,9.742595419847328,6.42175572519084,-0.9724603271484376,-0.13932861328125,-0.0871563720703125
29.919236641221374,-27.7230534351145,-11.784351145038167,-1.1018548583984376,0.16462646484375,-0.2800274658203125
-12.638015267175572,-17.883358778625954,-19.891221374045802,-0.9685540771484376,0.19905029296875,0.3125018310546875
-12.271603053435115,9.238778625954199,-5.692748091603053,-0.9451165771484376,-0.06413330078125,0.0732440185546875
-22.17236641221374,21.330381679389316,-4.990458015267175,-0.7520013427734376,-0.08219970703125,0.0275897216796875
-18.508244274809158,5.1395419847328245,-2.318702290076336,-0.7820306396484376,-0.12590087890625,-0.0629864501953125
-8.68381679389313,-11.104732824427481,-8.601145038167939,-1.0210443115234376,-0.04972900390625,-0.13427551269531252
-5.66854961832061,-11.677251908396947,-4.3034351145038165,-1.2153802490234376,-0.0011450195312500003,-0.2690411376953125
-0.561679389312977,-69.1963358778626,-5.929389312977099,-1.0601068115234376,-0.49699462890625,0.13183776855468748
-56.409007633587784,-5.440610687022901,28.391221374045802,-0.8210931396484376,0.02522216796875,-0.0434552001953125
-74.27923664122137,20.154809160305344,10.696564885496183,-0.7769036865234376,-0.06218017578125,-0.1206036376953125
-48.645648854961834,-0.020763358778625944,14.291984732824428,-0.7854486083984376,0.07258544921875,-0.0681134033203125
-53.905190839694654,8.658625954198474,-18.005725190839694,-0.8364739990234376,0.0017846679687499997,-0.3474102783203125
-115.17999999999999,37.383816793893125,-0.2881679389312977,-1.1353021240234376,-0.11955322265625,-0.24902160644531252
-54.43954198473283,-53.432977099236645,1.284351145038168,-0.6113763427734376,0.32453857421875,0.3972186279296875
-78.76015267175572,30.23114503816794,-43.402671755725194,-1.0432611083984376,-0.22209228515625,-0.3703594970703125
-71.94335877862595,-9.837557251908397,-0.2881679389312977,-0.9653802490234376,-0.24748291015625,-0.14355285644531252
-68.18763358778627,-7.5245801526717555,0.4217557251908397,-0.8662591552734376,-0.19303955078125,-0.24047668457031252
-33.79068702290076,9.238778625954199,28.727099236641223,-0.9526849365234376,-0.15397705078125,-0.22826965332031252
-47.454809160305345,12.055572519083968,-29.86832061068702,-0.9866204833984376,-0.47648681640625,-0.14526184082031252
-114.47007633587786,-1.0131297709923663,-0.44083969465648853,-0.9084954833984376,-0.01188720703125,-0.20361145019531252
-133.88992366412216,0.7120610687022901,-6.6393129770992365,-0.9499993896484376,-0.16886962890625,-0.0624981689453125
-60.03496183206107,-2.5474809160305347,4.299618320610687,-0.9702630615234376,0.08381591796875,-0.24658020019531252
-63.096030534351144,-11.944427480916032,-11.295801526717558,-0.9770989990234376,0.07282958984375,-0.24926574707031252
-64.76015267175572,0.24641221374045802,-26.799618320610687,-1.1492181396484376,0.20490966796875,-0.4636212158203125
-25.84412213740458,-1.303206106870229,-21.967557251908396,-1.0442376708984376,0.09529052734375,0.0258807373046875
-41.79068702290076,-2.539847328244275,-29.463740458015266,-1.0571771240234376,-0.29435791015625,0.15942565917968748
-52.225801526717554,-8.104732824427481,-20.71564885496183,-0.7947259521484376,-0.12028564453125,0.0207537841796875
-45.91282442748091,-3.5322137404580154,-8.608778625954198,-0.7844720458984376,-0.28996337890625,-0.005125122070312502
-16.416641221374046,8.933435114503817,0.7729007633587787,-0.9971185302734376,-0.12663330078125,-0.24194152832031252
13.049007633587786,10.421984732824427,11.368320610687023,-1.1326165771484376,-0.23844970703125,-0.24780090332031252
41.094809160305346,0.47541984732824427,-1.2118320610687023,-1.1121087646484376,-0.30094970703125,0.0295428466796875
9.438320610687024,7.322748091603053,24.36832061068702,-1.0330072021484376,0.0025170898437499997,-0.0671368408203125
-5.233435114503816,-19.45587786259542,13.07824427480916,-0.7312493896484376,-0.07121337890625,-0.0234356689453125
-11.905190839694656,-22.60854961832061,4.559160305343512,-1.0076165771484376,0.05281005859375,-0.1235333251953125
21.178778625954198,-4.62381679389313,-5.58587786259542,-0.9631829833984376,0.16120849609375,-0.13354309082031252
-40.59984732824427,2.9029007633587782,-15.280534351145038,-1.0315423583984376,0.08332763671875,0.13574401855468748
-46.48534351145038,11.933435114503817,-7.830152671755725,-0.9558587646484376,-0.04313720703125,0.005372924804687498
-28.928091603053435,19.979236641221377,-16.730916030534353,-0.6543450927734376,-0.08952392578125,-0.0458966064453125
-19.546412213740457,-0.3566412213740458,-1.7232824427480915,-0.8923822021484376,-0.06974853515625,-0.22241027832031252
-12.515877862595419,-1.2421374045801528,-9.036259541984732,-1.1245599365234376,0.05378662109375,-0.2736798095703125
-31.424274809160305,28.55175572519084,-26.05916030534351,-1.4512200927734376,-0.16374267578125,-0.21362121582031252
35.64442748091603,4.025038167938931,12.681297709923664,-0.9727044677734376,-0.0030981445312500003,0.006105346679687498
3.903969465648855,-5.837557251908398,24.337786259541986,-0.7598138427734376,0.03669677734375,-0.15673645019531252
0.4917557251908398,-15.356641221374046,9.383587786259541,-0.5728021240234376,0.06941162109375,-0.1228009033203125
16.31618320610687,-9.043664122137406,-2.898854961832061,-1.1433587646484376,0.03767333984375,-0.20385559082031252
-15.485343511450381,-33.616183206106875,19.43702290076336,-1.9329095458984376,-0.28776611328125,0.0327166748046875
-9.057862595419847,-14.066564885496183,-8.41793893129771,-1.0371575927734376,-0.19596923828125,0.0717791748046875
-1.6532824427480914,15.101374045801526,-5.784351145038168,-0.7241693115234376,-0.06388916015625,0.005372924804687498
-5.073129770992366,-0.4635114503816794,-3.1125954198473282,-0.6536126708984376,-0.09050048828125,-0.0502911376953125
2.6825954198473285,-6.684885496183206,0.8950381679389313,-1.0510736083984376,-0.00993408203125,-0.16161926269531252
0.6749618320610689,-7.997862595419847,-10.25,-1.0496087646484376,-0.0021215820312500003,-0.24877746582031252
27.766564885496184,19.353282442748093,-22.730916030534353,-1.2991204833984376,-0.43180908203125,-0.1079083251953125
14.102442748091603,-0.08183206106870228,7.925572519083969,-0.9558587646484376,0.08039794921875,-0.0231915283203125
-15.813587786259541,-18.57038167938931,9.490458015267176,-0.7380853271484376,-0.05900634765625,-0.0200177001953125
-10.149465648854962,-4.822290076335878,12.131679389312977,-0.6887689208984376,0.07453857421875,-0.0458966064453125
11.514656488549619,-7.906259541984733,-0.7080152671755725,-1.1533685302734376,0.05476318359375,-0.17187316894531252
30.903969465648856,-42.30320610687023,11.375954198473282,-1.1401849365234376,0.12507568359375,0.0034197998046874983
-32.91282442748091,-3.79175572519084,-4.776717557251908,-0.8606439208984376,-0.15568603515625,0.0769061279296875
-30.737251908396946,19.77312977099237,-3.5706106870229006,-0.7722650146484376,-0.07756103515625,-0.0014630126953125017
-16.30213740458015,7.4830534351145035,-4.150763358778626,-0.6775384521484376,-0.15788330078125,-0.0253887939453125
-8.981526717557252,-12.524580152671756,-5.58587786259542,-1.2305169677734376,0.11189208984375,-0.2929669189453125
-11.760152671755725,-22.63908396946565,-9.708015267175572,-1.2651849365234376,0.06721435546875,0.1115740966796875
40.69022900763359,13.742595419847328,-5.891221374045801,-0.8669915771484376,-0.12590087890625,0.0712908935546875
9.407786259541986,2.2998473282442746,20.40648854961832,-0.8120599365234376,-0.02580322265625,-0.0515118408203125
-8.241068702290075,-19.95206106870229,14.849236641221374,-0.5754876708984376,-0.01506103515625,0.0600604248046875
-2.828854961832061,-7.364274809160306,4.314885496183206,-1.2622552490234376,-0.01725830078125,-0.23876770019531252
29.01083969465649,0.21587786259541986,-4.440839694656488,-1.2173333740234376,0.19367919921875,-0.15478332519531252
-24.103664122137403,6.131908396946565,-6.4179389312977095,-1.1340814208984376,-0.10783447265625,0.17041198730468748
-27.52351145038168,-2.8299236641221377,-9.875954198473282,-0.6899896240234376,-0.09440673828125,0.0810565185546875
-11.187633587786259,10.521221374045801,-10.09732824427481,-0.6833978271484376,-0.14885009765625,0.0737322998046875
-1.6151145038167938,-16.997862595419846,3.5438931297709924,-1.1687493896484376,0.08039794921875,-0.20239074707031252
1.3467175572519086,13.52885496183206,-5.036259541984733,-1.0017572021484376,-0.02775634765625,-0.4792462158203125
16.33145038167939,-7.921526717557252,-9.837786259541986,-0.9949212646484376,-0.43010009765625,0.18310729980468748
11.4993893129771,-0.08946564885496182,13.856870229007633,-0.9211907958984376,0.03059326171875,-0.0439434814453125
-35.69908396946565,-7.639083969465649,10.024809160305344,-0.6108880615234376,-0.0006567382812500003,0.0261248779296875
-10.134198473282442,-1.2116030534351145,-1.0744274809160306,-0.9155755615234376,0.02546630859375,-0.16137512207031252
13.194045801526718,-5.494045801526718,-11.181297709923664,-1.0808587646484376,0.10652099609375,-0.2812481689453125
-33.714351145038165,-11.058931297709924,-24.12786259541985,-1.1584954833984376,0.14070068359375,0.1169451904296875
-48.41664122137404,5.9181679389312976,-9.479007633587786,-0.8596673583984376,-0.05705322265625,0.0993670654296875
-46.17236641221374,10.902900763358778,-22.807251908396946,-0.6575189208984376,-0.10514892578125,0.0168475341796875
-15.35557251908397,7.666259541984733,1.3148854961832062,-0.9136224365234376,-0.16056884765625,-0.22533996582031252
-13.50824427480916,-1.7230534351145037,-6.677480916030534,-1.1394525146484376,0.03327880859375,-0.2678204345703125
-20.889923664122136,29.92580152671756,-14.685114503816793,-1.2151361083984376,0.04426513671875,-0.2624493408203125
-3.195267175572519,7.231145038167939,15.673664122137405,-0.8884759521484376,-0.05607666015625,0.0195330810546875
-36.11129770992366,-0.41770992366412213,19.59732824427481,-0.7471185302734376,-0.01261962890625,-0.0485821533203125
-22.767786259541985,11.284580152671756,7.963740458015267,-0.7380853271484376,-0.03825439453125,-0.13110168457031252
-33.29450381679389,11.437251908396947,-4.0820610687022905,-0.9465814208984376,0.06672607421875,-0.3752423095703125
-27.95862595419847,38.2387786259542,23.71946564885496,-0.9712396240234376,0.11848388671875,-0.4179669189453125
-39.706717557251906,-87.05129770992366,30.956106870229007,-1.3372064208984376,-0.50480712890625,0.009035034179687498
-82.95099236641221,1.7273282442748092,-29.93702290076336,-0.9351068115234376,-0.27409423828125,-0.0603009033203125
-63.279236641221374,-9.62381679389313,-17.12786259541985,-0.9314447021484376,-0.07365478515625,-0.1201153564453125
-66.13419847328244,1.5364885496183207,4.597328244274809,-0.8889642333984376,-0.08659423828125,-0.23705871582031252
-66.51587786259542,32.9181679389313,18.27671755725191,-0.7598138427734376,-0.07072509765625,-0.3728009033203125
-67.02732824427481,14.521221374045801,5.101145038167939,-1.4312005615234376,0.08235107421875,0.1198748779296875
-92.96625954198473,21.42961832061069,-13.196564885496183,-1.3157220458984376,-0.04167236328125,-0.18578918457031252
-148.04259541984734,-4.578015267175573,-7.272900763358779,-0.7517572021484376,0.10749755859375,-0.15234191894531252
-112.43190839694657,5.834198473282442,-1.9293893129770991,-0.9487786865234376,0.0008081054687499997,-0.24438293457031252
-94.86702290076336,-17.203969465648854,-3.3568702290076335,-0.9155755615234376,0.10334716796875,-0.24609191894531252
-83.82885496183206,-3.425343511450382,-14.08206106870229,-1.1116204833984376,0.17243896484375,-0.4277325439453125
-27.83648854961832,-11.349007633587787,-8.501908396946565,-1.1570306396484376,0.09577880859375,-0.3081036376953125
-46.55404580152672,3.994503816793893,-25.624045801526716,-1.1775384521484376,-0.16471923828125,0.3254412841796875
-66.11129770992366,16.24641221374046,-31.166030534351144,-0.5466790771484376,0.0034936523437499997,0.0717791748046875
-30.248702290076334,23.42961832061069,-3.6393129770992365,-0.8188958740234376,-0.24260009765625,-0.0532208251953125
-1.8135877862595418,13.276946564885495,-7.395038167938932,-1.1221185302734376,0.10822998046875,-0.2668438720703125
-24.98152671755725,24.849465648854963,-15.639312977099237,-1.2456536865234376,0.20393310546875,0.3464373779296875
14.262748091603054,14.322748091603053,14.307251908396946,-1.0383782958984376,-0.05363525390625,0.004152221679687498
-7.882290076335877,-7.5169465648854965,27.208015267175572,-0.6541009521484376,0.03596435546875,-0.010496215820312502
-9.996793893129771,4.727328244274809,8.849236641221374,-0.7366204833984376,0.04939208984375,-0.0466290283203125
-1.7448854961832059,-2.0131297709923666,4.658396946564886,-1.1714349365234376,0.01496826171875,-0.22851379394531252
-17.263969465648856,-13.29557251908397,-11.608778625954198,-1.3560052490234376,0.01081787109375,0.0175799560546875
-18.576946564885496,-6.990229007633588,-12.517175572519085,-1.0469232177734376,-0.08683837890625,0.18530456542968748
2.4459541984732827,7.643358778625954,-11.631679389312977,-0.8054681396484376,-0.02311767578125,0.0307635498046875
-4.523511450381679,17.658625954198474,-13.051526717557252,-0.6794915771484376,-0.13151611328125,-0.0759259033203125
-1.4013740458015267,12.231145038167938,0.04007633587786259,-0.9512200927734376,0.01789794921875,-0.21093566894531252
7.438320610687024,-1.3795419847328245,-12.127862595419847,-0.9485345458984376,-0.00431884765625,-0.24072082519531252
-27.51587786259542,2.3914503816793893,-12.349236641221374,-1.4448724365234376,0.16560302734375,-0.15429504394531252
28.270381679389313,-13.661984732824427,-10.08206106870229,-0.8794427490234376,-0.19084228515625,0.0646990966796875
12.423053435114504,5.780763358778626,13.437022900763358,-0.8494134521484376,0.07356201171875,-0.1096173095703125
-23.225801526717557,-11.432977099236641,10.681297709923664,-0.7366204833984376,-0.04289306640625,-0.0471173095703125
-7.569312977099236,-13.28793893129771,5.200381679389313,-0.7720208740234376,0.03352294921875,-0.12597473144531252
23.178778625954198,-30.959694656488548,-2.8606870229007635,-1.0762200927734376,0.03889404296875,-0.23266418457031252
43.30854961832061,-44.10473282442748,7.635496183206107,-1.0649896240234376,0.21003662109375,-0.23730285644531252
-4.18,-0.5322137404580153,-5.364503816793893,-0.9429193115234376,-0.12345947265625,0.14111511230468748
-1.8899236641221373,12.658625954198474,-18.56297709923664,-0.5654779052734376,-0.09977783203125,0.0290545654296875
3.117709923664122,3.8341984732824423,-2.051526717557252,-0.7424798583984376,-0.14323486328125,-0.0363751220703125
5.071908396946565,-11.142900763358778,-8.40267175572519,-1.1599603271484376,-0.0030981445312500003,-0.2675762939453125
18.54519083969466,4.834198473282442,-4.318702290076335,-1.1992669677734376,-0.42668212890625,-0.0332012939453125
38.18641221374046,2.88,9.681297709923664,-1.0161614990234376,-0.19792236328125,0.1201190185546875
30.50702290076336,-1.8070229007633587,17.08587786259542,-0.9116693115234376,-0.04045166015625,-0.0866680908203125
9.514656488549619,-8.104732824427481,16.55916030534351,-0.6978021240234376,-0.01579345703125,-0.0483380126953125
0.5909923664122139,-8.47114503816794,4.261450381679389,-0.9016595458984376,0.04255615234375,-0.15063293457031252
28.461221374045802,-33.07419847328244,-3.448473282442748,-1.0505853271484376,0.05525146484375,-0.2658673095703125
19.071908396946565,-31.593282442748094,-4.4179389312977095,-1.2234368896484376,0.19709716796875,-0.0322247314453125
-5.409007633587786,7.956335877862595,-5.532442748091603,-1.0557122802734376,-0.09001220703125,0.0964373779296875
-0.44717557251908385,19.307480916030535,-20.08206106870229,-0.6191888427734376,-0.08439697265625,0.0244158935546875
-0.8212213740458014,16.681526717557254,1.0706106870229009,-0.6846185302734376,-0.12394775390625,-0.0249005126953125
-3.363206106870229,-10.654351145038168,-12.120229007633588,-1.0662103271484376,-0.03874267578125,-0.16039855957031252
-24.462442748091604,-23.058931297709922,4.353053435114504,-1.5388665771484376,-0.33366455078125,-0.0190411376953125
5.812366412213741,-5.471145038167939,14.322519083969466,-0.8579583740234376,-0.28239501953125,0.16674987792968748
-6.424274809160305,7.956335877862595,12.284351145038167,-0.8918939208984376,-0.07365478515625,-0.0417462158203125
-21.37083969465649,-2.95206106870229,13.040076335877863,-0.7063470458984376,-0.08000244140625,-0.0307598876953125
1.0413740458015268,5.154809160305343,3.536259541984733,-0.9263177490234376,0.01594482421875,-0.1230450439453125
14.636793893129772,-36.875725190839695,-2.2729007633587788,-1.1753411865234376,0.03205810546875,-0.20336730957031252
16.51465648854962,-18.799389312977098,-3.1736641221374047,-1.2083001708984376,0.27595458984375,-0.0954571533203125
-9.744885496183205,-3.3642748091603054,2.2614503816793894,-0.9565911865234376,-0.08171142578125,0.0576190185546875
-6.676183206106869,11.055572519083968,-18.875954198473284,-0.6445794677734376,-0.09562744140625,-0.0019512939453125017
-17.68381679389313,-4.829923664122138,-2.4790076335877864,-0.6365228271484376,-0.12223876953125,0.0583514404296875
-12.798320610687023,-10.562748091603053,-12.104961832061068,-1.1924310302734376,0.07307373046875,-0.23779113769531252
-48.18,-16.09709923664122,-9.41793893129771,-1.3665032958984376,0.14997802734375,0.0310076904296875
3.7818320610687026,-8.990229007633587,-12.601145038167939,-0.8462396240234376,-0.25480712890625,0.18652526855468748
-21.592213740458014,9.467786259541985,12.635496183206106,-0.8726068115234376,-0.05412353515625,-0.0361309814453125
-21.920458015267176,-34.12763358778626,12.360687022900763,-0.7288079833984376,-0.05412353515625,0.014894409179687498
28.552824427480918,-43.929160305343515,3.6125954198473282,-1.1936517333984376,-0.06657470703125,-0.0659161376953125
-41.97389312977099,-17.539847328244274,13.25381679389313,-1.6152825927734376,-0.41325439453125,0.2890643310546875
-11.118931297709922,8.20824427480916,3.780534351145038,-1.1086907958984376,-0.20597900390625,0.13818542480468748
-18.37083969465649,18.42198473282443,-13.624045801526718,-0.6526361083984376,-0.00676025390625,-0.0668927001953125
-10.18,4.696793893129771,-7.097328244274809,-0.7205072021484376,-0.20793212890625,-0.0185528564453125
-2.8059541984732825,-7.478778625954199,-5.891221374045801,-1.1416497802734376,0.08406005859375,-0.23437316894531252
-29.378473282442748,3.406717557251908,-0.43320610687022904,-1.5276361083984376,-0.30290283203125,-0.19726379394531252
2.758931297709924,-2.0131297709923666,17.505725190839694,-0.8313470458984376,-0.18644775390625,0.0349139404296875
-85.96625954198473,-7.761221374045801,14.55916030534351,-0.8330560302734376,-0.06974853515625,-0.0744610595703125
-72.51587786259542,-2.6314503816793895,2.200381679389313,-0.7927728271484376,-0.13639892578125,-0.0368634033203125
-68.68381679389313,5.521221374045801,5.604961832061068,-0.7861810302734376,-0.0004125976562500003,-0.1149884033203125
-82.77541984732824,8.597557251908396,-3.616412213740458,-0.8557611083984376,0.20295654296875,-0.2775860595703125
-63.68381679389313,-90.60854961832061,8.704198473282442,-1.2275872802734376,-0.74748291015625,0.2707537841796875
-121.63038167938932,-38.45587786259542,-20.28053435114504,-0.9238763427734376,-0.23088134765625,-0.0300274658203125
-102.6151145038168,-4.562748091603054,-21.692748091603054,-1.0198236083984376,-0.07438720703125,-0.12670715332031252
-74.76015267175572,-8.387175572519084,-0.5095419847328244,-0.8777337646484376,-0.19841064453125,-0.17797668457031252
-72.21053435114504,20.54412213740458,13.40648854961832,-0.6699700927734376,-0.01921142578125,-0.3710919189453125
-44.447175572519086,-6.44824427480916,1.3606870229007633,-1.4072747802734376,-0.03361572265625,0.14502136230468748
-68.11893129770992,25.36091603053435,2.116412213740458,-1.2505364990234376,-0.06193603515625,-0.13012512207031252
-142.28687022900763,1.612824427480916,-13.540076335877863,-0.7771478271484376,0.08991943359375,-0.14257629394531252
-108.58458015267176,2.406717557251908,-10.196564885496183,-0.8298822021484376,-0.12150634765625,-0.2524395751953125
-98.42427480916031,-9.043664122137406,-14.76908396946565,-0.9553704833984376,0.03816162109375,-0.5878887939453125
-108.63038167938932,-12.051297709923665,-12.883587786259541,-1.3145013427734376,-0.23796142578125,-0.2521954345703125
-18.737251908396946,-42.29557251908397,-10.982824427480915,-1.2480950927734376,-0.41032470703125,0.2524432373046875
0.049007633587786384,0.5441221374045802,-13.242366412213741,-0.8601556396484376,-0.11052001953125,-0.0200177001953125
-31.00442748091603,5.849465648854961,-4.074427480916031,-0.7749505615234376,-0.16813720703125,0.0029315185546874983
-11.5006106870229,4.452519083969466,-5.4103053435114505,-0.9797845458984376,-0.10832275390625,-0.1083966064453125
-9.66091603053435,-11.249770992366413,-9.799618320610687,-0.9617181396484376,-0.12419189453125,-0.1179180908203125
-24.424274809160305,-15.410076335877863,7.513358778625954,-1.5327630615234376,-0.01042236328125,0.3996600341796875
1.1024427480916033,-4.913893129770993,17.47519083969466,-1.0120111083984376,-0.07170166015625,0.0461444091796875
-28.49297709923664,-0.07419847328244274,18.22328244274809,-0.8225579833984376,-0.16447509765625,-0.009519653320312502
-27.752519083969464,-2.95206106870229,13.76526717557252,-0.7419915771484376,-0.01725830078125,-0.0302716064453125
-21.569312977099237,-19.669618320610684,-1.532442748091603,-1.0764642333984376,0.03352294921875,-0.1206036376953125
20.736030534351144,-6.600916030534352,-4.074427480916031,-0.9985833740234376,0.08576904296875,-0.17260559082031252
-18.49297709923664,2.6967938931297706,-11.288167938931299,-1.1077142333984376,0.13850341796875,0.0263690185546875
-28.8593893129771,11.406717557251909,-6.2958015267175576,-1.0322747802734376,-0.15251220703125,0.0869158935546875
-3.294503816793893,19.162442748091603,-17.830152671755727,-0.5850091552734376,-0.20036376953125,0.0239276123046875
10.713129770992367,21.147175572519085,-0.6927480916030534,-0.9021478271484376,-0.16301025390625,-0.0839825439453125
-1.6151145038167938,-0.5627480916030534,-10.166030534351146,-1.0283685302734376,-0.00700439453125,-0.21728332519531252
-20.691450381679388,22.162442748091603,-13.967557251908397,-1.3887200927734376,0.15339599609375,0.0219744873046875
28.537557251908396,0.10900763358778627,3.2919847328244276,-1.0549798583984376,0.10285888671875,0.0239276123046875
-18.45480916030534,-6.532213740458015,20.124045801526716,-0.8235345458984376,0.01643310546875,-0.1091290283203125
-2.195267175572519,-19.310839694656487,11.490458015267176,-0.6814447021484376,-0.06193603515625,0.0034197998046874983
14.942137404580153,-21.028396946564882,4.841603053435114,-1.0432611083984376,0.05671630859375,-0.20922668457031252
10.522290076335878,-5.890992366412214,-9.143129770992367,-1.2324700927734376,0.07478271484375,0.0676287841796875
2.644427480916031,2.6967938931297706,-9.57824427480916,-1.1665521240234376,-0.13566650390625,0.13232604980468748
14.01083969465649,11.307480916030535,-16.830152671755727,-0.7334466552734376,-0.09806884765625,0.0361346435546875
10.911603053435115,6.53648854961832,-5.356870229007634,-0.6741204833984376,-0.09928955078125,-0.0405255126953125
2.4154198473282444,-3.0131297709923666,-1.6393129770992367,-0.9624505615234376,-0.00749267578125,-0.16821105957031252
-4.294503816793893,14.956335877862594,-1.967557251908397,-1.2158685302734376,-0.02824462890625,-0.23071105957031252
-6.2029007633587785,18.521221374045805,-19.06679389312977,-1.2034173583984376,-0.37345947265625,-0.1020489501953125
-0.14946564885496172,12.52885496183206,16.139312977099237,-0.9570794677734376,-0.05217041015625,-0.1125469970703125
1.7512977099236642,-14.379541984732825,10.307251908396946,-0.6709466552734376,-0.02873291015625,-0.1186505126953125
-5.393740458015267,-11.654351145038168,9.772900763358779,-0.7244134521484376,0.07575927734375,-0.1179180908203125
25.83526717557252,-18.28793893129771,0.7805343511450382,-1.0749993896484376,0.04206787109375,-0.22265441894531252
44.69022900763359,-33.95206106870229,8.780534351145038,-1.0276361083984376,0.23689208984375,-0.21142395019531252
-12.973893129770993,-3.509312977099237,-15.715648854961833,-0.9514642333984376,-0.19035400390625,0.0390643310546875
-7.195267175572519,21.2387786259542,-10.654580152671755,-0.7942376708984376,0.00910888671875,-0.0717755126953125
-12.149465648854962,3.742595419847328,-10.028625954198473,-0.7244134521484376,-0.10295166015625,-0.1091290283203125
9.094809160305344,4.360916030534351,-5.166030534351145,-0.9263177490234376,-0.01750244140625,-0.24120910644531252
-2.8975572519083967,-4.639083969465649,1.1393129770992367,-1.4233880615234376,-0.05705322265625,0.0942401123046875
28.36198473282443,-4.776488549618321,-0.2652671755725191,-0.9043450927734376,-0.02922119140625,0.0439471435546875
-11.958625954198473,2.994503816793893,10.727099236641221,-0.9470697021484376,-0.03239501953125,-0.1223126220703125
-4.66091603053435,-18.394809160305343,5.383587786259542,-0.6758294677734376,0.0022729492187499997,-0.1113262939453125
-13.218167938931296,-10.257404580152672,1.4217557251908397,-0.7932611083984376,0.05915771484375,-0.1132794189453125
22.575725190839695,-3.669618320610687,-4.685114503816794,-1.0552239990234376,0.04231201171875,-0.3020001220703125
27.453587786259543,-24.860458015267174,3.0400763358778624,-1.2263665771484376,0.14070068359375,-0.15917785644531252
-14.218167938931296,-7.799389312977099,-8.776717557251908,-0.9150872802734376,-0.12516845703125,0.0375994873046875
-1.0883969465648853,15.90290076335878,-6.730916030534351,-0.8545404052734376,-0.05900634765625,-0.0783673095703125
2.690229007633588,1.3532824427480916,-4.097328244274809,-0.7541986083984376,-0.07511962890625,-0.0983868408203125
13.369618320610687,-3.4635114503816795,-9.051526717557252,-0.8911614990234376,-0.03141845703125,-0.15746887207031252
